,equity
2022-09-30 09:30:00,100000.0
2022-09-30 09:45:00,100000.0
2022-09-30 10:00:00,100000.0
2022-09-30 10:15:00,100000.0
2022-09-30 10:30:00,100000.0
2022-09-30 10:45:00,100000.0
2022-09-30 11:00:00,100000.0
2022-09-30 11:15:00,100000.0
2022-09-30 11:30:00,100000.0
2022-09-30 11:45:00,100000.0
2022-09-30 12:00:00,100000.0
2022-09-30 12:15:00,100000.0
2022-09-30 12:30:00,100000.0
2022-09-30 12:45:00,100000.0
2022-09-30 13:00:00,100000.0
2022-09-30 13:15:00,100000.0
2022-09-30 13:30:00,100000.0
2022-09-30 13:45:00,100000.0
2022-09-30 14:00:00,100000.0
2022-09-30 14:15:00,100000.0
2022-09-30 14:30:00,100000.0
2022-09-30 14:45:00,100000.0
2022-09-30 15:00:00,100000.0
2022-09-30 15:15:00,100000.0
2022-09-30 15:30:00,100000.0
2022-09-30 15:45:00,100000.0
2022-09-30 16:00:00,100000.0
2022-10-03 09:30:00,100000.0
2022-10-03 09:45:00,100000.0
2022-10-03 10:00:00,100000.0
2022-10-03 10:15:00,100000.0
2022-10-03 10:30:00,100000.0
2022-10-03 10:45:00,100000.0
2022-10-03 11:00:00,100000.0
2022-10-03 11:15:00,100000.0
2022-10-03 11:30:00,100000.0
2022-10-03 11:45:00,100000.0
2022-10-03 12:00:00,100000.0
2022-10-03 12:15:00,100000.0
2022-10-03 12:30:00,100000.0
2022-10-03 12:45:00,100000.0
2022-10-03 13:00:00,100000.0
2022-10-03 13:15:00,100000.0
2022-10-03 13:30:00,100000.0
2022-10-03 13:45:00,100000.0
2022-10-03 14:00:00,100000.0
2022-10-03 14:15:00,100000.0
2022-10-03 14:30:00,100000.0
2022-10-03 14:45:00,100000.0
2022-10-03 15:00:00,100000.0
2022-10-03 15:15:00,100000.0
2022-10-03 15:30:00,100000.0
2022-10-03 15:45:00,100000.0
2022-10-03 16:00:00,100000.0
2022-10-04 09:30:00,100000.0
2022-10-04 09:45:00,100000.0
2022-10-04 10:00:00,100000.0
2022-10-04 10:15:00,100000.0
2022-10-04 10:30:00,100000.0
2022-10-04 10:45:00,100000.0
2022-10-04 11:00:00,100000.0
2022-10-04 11:15:00,100000.0
2022-10-04 11:30:00,100000.0
2022-10-04 11:45:00,100000.0
2022-10-04 12:00:00,100000.0
2022-10-04 12:15:00,100000.0
2022-10-04 12:30:00,100000.0
2022-10-04 12:45:00,100000.0
2022-10-04 13:00:00,100000.0
2022-10-04 13:15:00,100000.0
2022-10-04 13:30:00,100000.0
2022-10-04 13:45:00,100000.0
2022-10-04 14:00:00,100000.0
2022-10-04 14:15:00,100000.0
2022-10-04 14:30:00,100000.0
2022-10-04 14:45:00,100000.0
2022-10-04 15:00:00,100000.0
2022-10-04 15:15:00,100000.0
2022-10-04 15:30:00,100000.0
2022-10-04 15:45:00,100000.0
2022-10-04 16:00:00,100000.0
2022-10-05 09:30:00,100000.0
2022-10-05 09:45:00,100000.0
2022-10-05 10:00:00,100000.0
2022-10-05 10:15:00,100000.0
2022-10-05 10:30:00,100000.0
2022-10-05 10:45:00,100000.0
2022-10-05 11:00:00,100000.0
2022-10-05 11:15:00,100000.0
2022-10-05 11:30:00,100000.0
2022-10-05 11:45:00,100000.0
2022-10-05 12:00:00,100000.0
2022-10-05 12:15:00,100000.0
2022-10-05 12:30:00,100000.0
2022-10-05 12:45:00,100000.0
2022-10-05 13:00:00,100000.0
2022-10-05 13:15:00,100000.0
2022-10-05 13:30:00,100000.0
2022-10-05 13:45:00,100000.0
2022-10-05 14:00:00,100000.0
2022-10-05 14:15:00,100000.0
2022-10-05 14:30:00,100000.0
2022-10-05 14:45:00,100000.0
2022-10-05 15:00:00,100000.0
2022-10-05 15:15:00,100000.0
2022-10-05 15:30:00,100000.0
2022-10-05 15:45:00,100000.0
2022-10-05 16:00:00,100000.0
2022-10-06 09:30:00,100000.0
2022-10-06 09:45:00,100000.0
2022-10-06 10:00:00,100000.0
2022-10-06 10:15:00,100000.0
2022-10-06 10:30:00,100000.0
2022-10-06 10:45:00,100000.0
2022-10-06 11:00:00,100000.0
2022-10-06 11:15:00,100000.0
2022-10-06 11:30:00,100000.0
2022-10-06 11:45:00,100000.0
2022-10-06 12:00:00,100000.0
2022-10-06 12:15:00,100000.0
2022-10-06 12:30:00,100000.0
2022-10-06 12:45:00,100000.0
2022-10-06 13:00:00,100000.0
2022-10-06 13:15:00,100000.0
2022-10-06 13:30:00,100000.0
2022-10-06 13:45:00,100000.0
2022-10-06 14:00:00,100000.0
2022-10-06 14:15:00,100000.0
2022-10-06 14:30:00,100000.0
2022-10-06 14:45:00,100000.0
2022-10-06 15:00:00,100000.0
2022-10-06 15:15:00,100000.0
2022-10-06 15:30:00,100000.0
2022-10-06 15:45:00,100000.0
2022-10-06 16:00:00,100000.0
2022-10-07 09:30:00,100000.0
2022-10-07 09:45:00,100000.0
2022-10-07 10:00:00,100000.0
2022-10-07 10:15:00,100000.0
2022-10-07 10:30:00,100000.0
2022-10-07 10:45:00,100000.0
2022-10-07 11:00:00,100000.0
2022-10-07 11:15:00,100000.0
2022-10-07 11:30:00,100000.0
2022-10-07 11:45:00,100000.0
2022-10-07 12:00:00,100000.0
2022-10-07 12:15:00,100000.0
2022-10-07 12:30:00,100000.0
2022-10-07 12:45:00,100000.0
2022-10-07 13:00:00,100000.0
2022-10-07 13:15:00,100000.0
2022-10-07 13:30:00,100000.0
2022-10-07 13:45:00,100000.0
2022-10-07 14:00:00,100000.0
2022-10-07 14:15:00,100000.0
2022-10-07 14:30:00,100000.0
2022-10-07 14:45:00,100000.0
2022-10-07 15:00:00,100000.0
2022-10-07 15:15:00,100000.0
2022-10-07 15:30:00,100000.0
2022-10-07 15:45:00,100000.0
2022-10-07 16:00:00,100000.0
2022-10-10 09:30:00,100000.0
2022-10-10 09:45:00,100000.0
2022-10-10 10:00:00,100000.0
2022-10-10 10:15:00,100000.0
2022-10-10 10:30:00,100000.0
2022-10-10 10:45:00,100000.0
2022-10-10 11:00:00,100000.0
2022-10-10 11:15:00,100000.0
2022-10-10 11:30:00,100000.0
2022-10-10 11:45:00,100000.0
2022-10-10 12:00:00,100000.0
2022-10-10 12:15:00,100000.0
2022-10-10 12:30:00,100000.0
2022-10-10 12:45:00,100000.0
2022-10-10 13:00:00,100000.0
2022-10-10 13:15:00,100000.0
2022-10-10 13:30:00,100000.0
2022-10-10 13:45:00,100000.0
2022-10-10 14:00:00,100000.0
2022-10-10 14:15:00,100000.0
2022-10-10 14:30:00,100000.0
2022-10-10 14:45:00,100000.0
2022-10-10 15:00:00,100000.0
2022-10-10 15:15:00,100000.0
2022-10-10 15:30:00,100000.0
2022-10-10 15:45:00,100000.0
2022-10-10 16:00:00,100000.0
2022-10-11 09:30:00,100000.0
2022-10-11 09:45:00,100000.0
2022-10-11 10:00:00,100000.0
2022-10-11 10:15:00,100000.0
2022-10-11 10:30:00,100000.0
2022-10-11 10:45:00,100000.0
2022-10-11 11:00:00,100000.0
2022-10-11 11:15:00,100000.0
2022-10-11 11:30:00,100000.0
2022-10-11 11:45:00,100000.0
2022-10-11 12:00:00,100000.0
2022-10-11 12:15:00,100000.0
2022-10-11 12:30:00,100000.0
2022-10-11 12:45:00,100000.0
2022-10-11 13:00:00,100000.0
2022-10-11 13:15:00,100000.0
2022-10-11 13:30:00,100000.0
2022-10-11 13:45:00,100000.0
2022-10-11 14:00:00,100000.0
2022-10-11 14:15:00,100000.0
2022-10-11 14:30:00,100000.0
2022-10-11 14:45:00,100000.0
2022-10-11 15:00:00,100000.0
2022-10-11 15:15:00,100000.0
2022-10-11 15:30:00,100000.0
2022-10-11 15:45:00,100000.0
2022-10-11 16:00:00,100000.0
2022-10-12 09:30:00,100000.0
2022-10-12 09:45:00,100000.0
2022-10-12 10:00:00,100000.0
2022-10-12 10:15:00,100000.0
2022-10-12 10:30:00,100000.0
2022-10-12 10:45:00,100000.0
2022-10-12 11:00:00,100000.0
2022-10-12 11:15:00,100000.0
2022-10-12 11:30:00,100000.0
2022-10-12 11:45:00,100000.0
2022-10-12 12:00:00,100000.0
2022-10-12 12:15:00,100000.0
2022-10-12 12:30:00,100000.0
2022-10-12 12:45:00,100000.0
2022-10-12 13:00:00,100000.0
2022-10-12 13:15:00,100000.0
2022-10-12 13:30:00,100000.0
2022-10-12 13:45:00,100000.0
2022-10-12 14:00:00,100000.0
2022-10-12 14:15:00,100000.0
2022-10-12 14:30:00,100000.0
2022-10-12 14:45:00,100000.0
2022-10-12 15:00:00,100000.0
2022-10-12 15:15:00,100000.0
2022-10-12 15:30:00,100000.0
2022-10-12 15:45:00,100000.0
2022-10-12 16:00:00,100000.0
2022-10-13 09:30:00,100000.0
2022-10-13 09:45:00,100000.0
2022-10-13 10:00:00,100000.0
2022-10-13 10:15:00,100000.0
2022-10-13 10:30:00,100000.0
2022-10-13 10:45:00,100000.0
2022-10-13 11:00:00,100000.0
2022-10-13 11:15:00,100000.0
2022-10-13 11:30:00,100000.0
2022-10-13 11:45:00,100000.0
2022-10-13 12:00:00,100000.0
2022-10-13 12:15:00,100000.0
2022-10-13 12:30:00,100000.0
2022-10-13 12:45:00,100000.0
2022-10-13 13:00:00,100000.0
2022-10-13 13:15:00,100000.0
2022-10-13 13:30:00,100000.0
2022-10-13 13:45:00,100000.0
2022-10-13 14:00:00,100000.0
2022-10-13 14:15:00,100000.0
2022-10-13 14:30:00,100000.0
2022-10-13 14:45:00,100000.0
2022-10-13 15:00:00,100000.0
2022-10-13 15:15:00,100000.0
2022-10-13 15:30:00,100000.0
2022-10-13 15:45:00,100000.0
2022-10-13 16:00:00,100000.0
2022-10-14 09:30:00,100000.0
2022-10-14 09:45:00,100000.0
2022-10-14 10:00:00,100000.0
2022-10-14 10:15:00,100000.0
2022-10-14 10:30:00,100000.0
2022-10-14 10:45:00,100000.0
2022-10-14 11:00:00,100000.0
2022-10-14 11:15:00,99010.033
2022-10-14 11:30:00,98722.933
2022-10-14 11:45:00,98482.033
2022-10-14 12:00:00,98284.03300000001
2022-10-14 12:15:00,98435.833
2022-10-14 12:30:00,98698.81
2022-10-14 12:45:00,98379.139
2022-10-14 13:00:00,98218.033
2022-10-14 13:15:00,98396.233
2022-10-14 13:30:00,98366.53300000001
2022-10-14 13:45:00,98548.033
2022-10-14 14:00:00,98201.53300000001
2022-10-14 14:15:00,98089.333
2022-10-14 14:30:00,98033.266
2022-10-14 14:45:00,98102.533
2022-10-14 15:00:00,98056.33300000001
2022-10-14 15:15:00,98345.08300000001
2022-10-14 15:30:00,98317.033
2022-10-14 15:45:00,98128.93299999999
2022-10-14 16:00:00,98115.733
2022-10-17 09:30:00,99062.23900000002
2022-10-17 09:45:00,99062.23900000002
2022-10-17 10:00:00,99062.23900000002
2022-10-17 10:15:00,99062.23900000002
2022-10-17 10:30:00,99062.23900000002
2022-10-17 10:45:00,99062.23900000002
2022-10-17 11:00:00,99062.23900000002
2022-10-17 11:15:00,99062.23900000002
2022-10-17 11:30:00,99062.23900000002
2022-10-17 11:45:00,98080.9097
2022-10-17 12:00:00,97795.93969999999
2022-10-17 12:15:00,97824.8497
2022-10-17 12:30:00,97680.29969999999
2022-10-17 12:45:00,97647.2597
2022-10-17 13:00:00,97684.4297
2022-10-17 13:15:00,97827.1212
2022-10-17 13:30:00,97990.04969999999
2022-10-17 13:45:00,98229.5897
2022-10-17 14:00:00,98353.4897
2022-10-17 14:15:00,98332.8397
2022-10-17 14:30:00,98408.882436
2022-10-17 14:45:00,98210.59603599999
2022-10-17 15:00:00,98049.39603599999
2022-10-17 15:15:00,98132.01603600002
2022-10-17 15:30:00,98231.37103599998
2022-10-17 15:45:00,98251.61603599999
2022-10-17 16:00:00,98251.636036
2022-10-18 09:30:00,98864.63173499999
2022-10-18 09:45:00,98864.63173499999
2022-10-18 10:00:00,97882.77393499999
2022-10-18 10:15:00,97125.72393499999
2022-10-18 10:30:00,96927.809435
2022-10-18 10:45:00,96368.673935
2022-10-18 11:00:00,95326.82893499998
2022-10-18 11:15:00,95222.283935
2022-10-18 11:30:00,95265.543935
2022-10-18 11:45:00,95654.88393499999
2022-10-18 12:00:00,96338.482985
2022-10-18 12:15:00,95977.94298499999
2022-10-18 12:30:00,96425.017985
2022-10-18 12:45:00,95992.38298499999
2022-10-18 13:00:00,96086.127985
2022-10-18 13:15:00,96338.497985
2022-10-18 13:30:00,96497.137985
2022-10-18 13:45:00,96525.987985
2022-10-18 14:00:00,96381.77298499999
2022-10-18 14:15:00,96497.15798499998
2022-10-18 14:30:00,95638.992985
2022-10-18 14:45:00,95891.701385
2022-10-18 15:00:00,95606.57798500001
2022-10-18 15:15:00,95754.42798499999
2022-10-18 15:30:00,96033.957585
2022-10-18 15:45:00,95812.20798499999
2022-10-18 16:00:00,97174.97798499999
2022-10-19 09:30:00,96720.112985
2022-10-19 09:45:00,96071.15798499998
2022-10-19 10:00:00,96651.70298499998
2022-10-19 10:15:00,98450.71298499999
2022-10-19 10:30:00,98454.22798499999
2022-10-19 10:45:00,97368.47618499999
2022-10-19 11:00:00,97563.727985
2022-10-19 11:15:00,97664.627985
2022-10-19 11:30:00,97635.777985
2022-10-19 11:45:00,97728.43648500001
2022-10-19 12:00:00,97253.607985
2022-10-19 12:15:00,96820.977985
2022-10-19 12:30:00,96482.087985
2022-10-19 12:45:00,96438.80798499999
2022-10-19 13:00:00,95652.875485
2022-10-19 13:15:00,95665.142985
2022-10-19 13:30:00,95998.962985
2022-10-19 13:45:00,96092.71638499999
2022-10-19 14:00:00,96229.815085
2022-10-19 14:15:00,96381.14798499999
2022-10-19 14:30:00,96193.637985
2022-10-19 14:45:00,95789.842985
2022-10-19 15:00:00,95962.92798500002
2022-10-19 15:15:00,95559.157985
2022-10-19 15:30:00,95638.472985
2022-10-19 15:45:00,96121.597985
2022-10-19 16:00:00,95804.367985
2022-10-20 09:30:00,97008.792985
2022-10-20 09:45:00,97210.757985
2022-10-20 10:00:00,98061.72798499999
2022-10-20 10:15:00,98422.35298499999
2022-10-20 10:30:00,97795.027985
2022-10-20 10:45:00,98321.387985
2022-10-20 11:00:00,98523.227985
2022-10-20 11:15:00,97967.942985
2022-10-20 11:30:00,98205.90898499999
2022-10-20 11:45:00,97895.827985
2022-10-20 12:00:00,97261.32008499998
2022-10-20 12:15:00,96785.347985
2022-10-20 12:30:00,96403.19798499999
2022-10-20 12:45:00,96414.007985
2022-10-20 13:00:00,96042.64798499999
2022-10-20 13:15:00,95952.532985
2022-10-20 13:30:00,95646.075885
2022-10-20 13:45:00,95339.788885
2022-10-20 14:00:00,94938.11978499999
2022-10-20 14:15:00,95053.47978499999
2022-10-20 14:30:00,95027.812185
2022-10-20 14:45:00,95219.309785
2022-10-20 15:00:00,95406.841885
2022-10-20 15:15:00,95065.592585
2022-10-20 15:30:00,95132.789785
2022-10-20 15:45:00,94858.809785
2022-10-20 16:00:00,90972.61978499999
2022-10-21 09:30:00,92068.539785
2022-10-21 09:45:00,92573.239785
2022-10-21 10:00:00,93056.309785
2022-10-21 10:15:00,91729.669785
2022-10-21 10:30:00,92501.13978499999
2022-10-21 10:45:00,91787.349785
2022-10-21 11:00:00,91072.21108499997
2022-10-21 11:15:00,91367.876085
2022-10-21 11:30:00,92240.31608499998
2022-10-21 11:45:00,92456.71108499999
2022-10-21 12:00:00,92471.13108499999
2022-10-21 12:15:00,92189.881085
2022-10-21 12:30:00,92413.46108499997
2022-10-21 12:45:00,92427.91108499999
2022-10-21 13:00:00,92460.36608499999
2022-10-21 13:15:00,92471.16108499999
2022-10-21 13:30:00,92615.35608499998
2022-10-21 13:45:00,92968.69108499998
2022-10-21 14:00:00,93141.726085
2022-10-21 14:15:00,93595.956085
2022-10-21 14:30:00,93228.26108499998
2022-10-21 14:45:00,93186.761485
2022-10-21 15:00:00,93646.52608499998
2022-10-21 15:15:00,92649.742049
2022-10-21 15:30:00,92649.742049
2022-10-21 15:45:00,92649.742049
2022-10-21 16:00:00,92649.742049
2022-10-24 09:30:00,92649.742049
2022-10-24 09:45:00,92649.742049
2022-10-24 10:00:00,92649.742049
2022-10-24 10:15:00,92649.742049
2022-10-24 10:30:00,92649.742049
2022-10-24 10:45:00,92649.742049
2022-10-24 11:00:00,92649.742049
2022-10-24 11:15:00,92649.742049
2022-10-24 11:30:00,92649.742049
2022-10-24 11:45:00,92649.742049
2022-10-24 12:00:00,92649.742049
2022-10-24 12:15:00,92649.742049
2022-10-24 12:30:00,92649.742049
2022-10-24 12:45:00,92649.742049
2022-10-24 13:00:00,92649.742049
2022-10-24 13:15:00,92649.742049
2022-10-24 13:30:00,92649.742049
2022-10-24 13:45:00,92649.742049
2022-10-24 14:00:00,92649.742049
2022-10-24 14:15:00,92649.742049
2022-10-24 14:30:00,92649.742049
2022-10-24 14:45:00,92649.742049
2022-10-24 15:00:00,92649.742049
2022-10-24 15:15:00,92649.742049
2022-10-24 15:30:00,92649.742049
2022-10-24 15:45:00,92649.742049
2022-10-24 16:00:00,92649.742049
2022-10-25 09:30:00,92649.742049
2022-10-25 09:45:00,92649.742049
2022-10-25 10:00:00,92649.742049
2022-10-25 10:15:00,92649.742049
2022-10-25 10:30:00,92649.742049
2022-10-25 10:45:00,92649.742049
2022-10-25 11:00:00,92649.742049
2022-10-25 11:15:00,92649.742049
2022-10-25 11:30:00,92649.742049
2022-10-25 11:45:00,92649.742049
2022-10-25 12:00:00,92649.742049
2022-10-25 12:15:00,92649.742049
2022-10-25 12:30:00,92649.742049
2022-10-25 12:45:00,92649.742049
2022-10-25 13:00:00,92649.742049
2022-10-25 13:15:00,92649.742049
2022-10-25 13:30:00,92649.742049
2022-10-25 13:45:00,92649.742049
2022-10-25 14:00:00,92649.742049
2022-10-25 14:15:00,92649.742049
2022-10-25 14:30:00,91729.90604899998
2022-10-25 14:45:00,91890.29284899999
2022-10-25 15:00:00,91816.746049
2022-10-25 15:15:00,92284.34604899999
2022-10-25 15:30:00,92124.026049
2022-10-25 15:45:00,91930.30604899999
2022-10-25 16:00:00,89211.546049
2022-10-26 09:30:00,88256.30604899999
2022-10-26 09:45:00,88353.16604899999
2022-10-26 10:00:00,88906.270049
2022-10-26 10:15:00,89077.94604899999
2022-10-26 10:30:00,89933.05284899999
2022-10-26 10:45:00,89558.90604899998
2022-10-26 11:00:00,90258.702849
2022-10-26 11:15:00,90397.246049
2022-10-26 11:30:00,90126.706049
2022-10-26 11:45:00,89685.82604899998
2022-10-26 12:00:00,89558.90604899998
2022-10-26 12:15:00,88964.386049
2022-10-26 12:30:00,88583.626049
2022-10-26 12:45:00,88164.72324899999
2022-10-26 13:00:00,87828.786049
2022-10-26 13:15:00,87234.266049
2022-10-26 13:30:00,87170.80604899999
2022-10-26 13:45:00,86993.786049
2022-10-26 14:00:00,86953.706049
2022-10-26 14:15:00,86506.14604899999
2022-10-26 14:30:00,86038.546049
2022-10-26 14:45:00,86253.24124899998
2022-10-26 15:00:00,86365.86604899999
2022-10-26 15:15:00,86695.52404899999
2022-10-26 15:30:00,86910.286049
2022-10-26 15:45:00,86773.34604899999
2022-10-26 16:00:00,80013.186049
2022-10-27 09:30:00,66753.386049
2022-10-27 09:45:00,67691.92604899999
2022-10-27 10:00:00,67088.455517
2022-10-27 10:15:00,67088.455517
2022-10-27 10:30:00,67088.455517
2022-10-27 10:45:00,67088.455517
2022-10-27 11:00:00,67088.455517
2022-10-27 11:15:00,67088.455517
2022-10-27 11:30:00,67088.455517
2022-10-27 11:45:00,67088.455517
2022-10-27 12:00:00,66415.07951699999
2022-10-27 12:15:00,66204.649517
2022-10-27 12:30:00,66242.90951699998
2022-10-27 12:45:00,66319.42951699998
2022-10-27 13:00:00,66448.55701699998
2022-10-27 13:15:00,66395.94951699999
2022-10-27 13:30:00,66367.25451699998
2022-10-27 13:45:00,66290.73451699998
2022-10-27 14:00:00,66255.53531699999
2022-10-27 14:15:00,66242.90951699998
2022-10-27 14:30:00,66204.649517
2022-10-27 14:45:00,66118.56451699999
2022-10-27 15:00:00,66137.69451699998
2022-10-27 15:15:00,66137.69451699998
2022-10-27 15:30:00,66195.08451699998
2022-10-27 15:45:00,66051.60951699998
2022-10-27 16:00:00,65822.04951699999
2022-10-28 09:30:00,65267.27951699999
2022-10-28 09:45:00,65209.88951699999
2022-10-28 10:00:00,65114.239516999995
2022-10-28 10:15:00,65248.14951699999
2022-10-28 10:30:00,65181.19451699998
2022-10-28 10:45:00,65248.14951699999
2022-10-28 11:00:00,65343.799516999985
2022-10-28 11:15:00,65267.27951699999
2022-10-28 11:30:00,65334.23451699998
2022-10-28 11:45:00,65267.27951699999
2022-10-28 12:00:00,65248.14951699999
2022-10-28 12:15:00,65372.494516999985
2022-10-28 12:30:00,64747.421766999985
2022-10-28 12:45:00,64747.421766999985
2022-10-28 13:00:00,64747.421766999985
2022-10-28 13:15:00,64747.421766999985
2022-10-28 13:30:00,64747.421766999985
2022-10-28 13:45:00,64747.421766999985
2022-10-28 14:00:00,64747.421766999985
2022-10-28 14:15:00,64747.421766999985
2022-10-28 14:30:00,64747.421766999985
2022-10-28 14:45:00,64747.421766999985
2022-10-28 15:00:00,64747.421766999985
2022-10-28 15:15:00,64747.421766999985
2022-10-28 15:30:00,64747.421766999985
2022-10-28 15:45:00,64747.421766999985
2022-10-28 16:00:00,64747.421766999985
2022-10-31 09:30:00,64747.421766999985
2022-10-31 09:45:00,64747.421766999985
2022-10-31 10:00:00,64747.421766999985
2022-10-31 10:15:00,64747.421766999985
2022-10-31 10:30:00,64747.421766999985
2022-10-31 10:45:00,64747.421766999985
2022-10-31 11:00:00,64747.421766999985
2022-10-31 11:15:00,64747.421766999985
2022-10-31 11:30:00,64747.421766999985
2022-10-31 11:45:00,64747.421766999985
2022-10-31 12:00:00,64747.421766999985
2022-10-31 12:15:00,64747.421766999985
2022-10-31 12:30:00,64747.421766999985
2022-10-31 12:45:00,64747.421766999985
2022-10-31 13:00:00,64747.421766999985
2022-10-31 13:15:00,64747.421766999985
2022-10-31 13:30:00,64747.421766999985
2022-10-31 13:45:00,64747.421766999985
2022-10-31 14:00:00,64747.421766999985
2022-10-31 14:15:00,64747.421766999985
2022-10-31 14:30:00,64747.421766999985
2022-10-31 14:45:00,64747.421766999985
2022-10-31 15:00:00,64747.421766999985
2022-10-31 15:15:00,64747.421766999985
2022-10-31 15:30:00,64747.421766999985
2022-10-31 15:45:00,64747.421766999985
2022-10-31 16:00:00,64747.421766999985
2022-11-01 09:30:00,64747.421766999985
2022-11-01 09:45:00,64747.421766999985
2022-11-01 10:00:00,64747.421766999985
2022-11-01 10:15:00,64747.421766999985
2022-11-01 10:30:00,64747.421766999985
2022-11-01 10:45:00,64747.421766999985
2022-11-01 11:00:00,64747.421766999985
2022-11-01 11:15:00,64747.421766999985
2022-11-01 11:30:00,64747.421766999985
2022-11-01 11:45:00,64747.421766999985
2022-11-01 12:00:00,64747.421766999985
2022-11-01 12:15:00,64747.421766999985
2022-11-01 12:30:00,64747.421766999985
2022-11-01 12:45:00,64747.421766999985
2022-11-01 13:00:00,64747.421766999985
2022-11-01 13:15:00,64747.421766999985
2022-11-01 13:30:00,64747.421766999985
2022-11-01 13:45:00,64097.619600999984
2022-11-01 14:00:00,64161.408000999974
2022-11-01 14:15:00,64170.38970099997
2022-11-01 14:30:00,64088.088000999975
2022-11-01 14:45:00,64143.07800099998
2022-11-01 15:00:00,63978.10800099997
2022-11-01 15:15:00,63941.44800099998
2022-11-01 15:30:00,63913.95300099998
2022-11-01 15:45:00,63868.12800099998
2022-11-01 16:00:00,63785.64300099998
2022-11-02 09:30:00,64234.728000999974
2022-11-02 09:45:00,64042.26300099998
2022-11-02 10:00:00,63849.798000999974
2022-11-02 10:15:00,63831.46800099998
2022-11-02 10:30:00,63831.46800099998
2022-11-02 10:45:00,63785.64300099998
2022-11-02 11:00:00,63739.818000999985
2022-11-02 11:15:00,63785.64300099998
2022-11-02 11:30:00,63831.46800099998
2022-11-02 11:45:00,63904.78800099997
2022-11-02 12:00:00,63877.293000999976
2022-11-02 12:15:00,63858.963000999975
2022-11-02 12:30:00,63849.798000999974
2022-11-02 12:45:00,63904.78800099997
2022-11-02 13:00:00,63840.63300099998
2022-11-02 13:15:00,63849.798000999974
2022-11-02 13:30:00,63877.293000999976
2022-11-02 13:45:00,63858.963000999975
2022-11-02 14:00:00,64408.86300099997
2022-11-02 14:15:00,64528.00800099998
2022-11-02 14:30:00,64335.543000999976
2022-11-02 14:45:00,63886.45800099998
2022-11-02 15:00:00,64078.923000999974
2022-11-02 15:15:00,63492.36300099997
2022-11-02 15:30:00,63437.373000999985
2022-11-02 15:45:00,63327.39300099998
2022-11-02 16:00:00,63272.40300099998
2022-11-03 09:30:00,63144.09300099998
2022-11-03 09:45:00,62942.463000999975
2022-11-03 10:00:00,63180.75300099998
2022-11-03 10:15:00,63409.87800099998
2022-11-03 10:30:00,63474.033000999974
2022-11-03 10:45:00,63785.64300099998
2022-11-03 11:00:00,63675.66300099997
2022-11-03 11:15:00,63620.673000999974
2022-11-03 11:30:00,63748.98300099997
2022-11-03 11:45:00,63703.158000999974
2022-11-03 12:00:00,63748.98300099997
2022-11-03 12:15:00,63693.99300099997
2022-11-03 12:30:00,63730.65300099998
2022-11-03 12:45:00,63813.13800099998
2022-11-03 13:00:00,63785.64300099998
2022-11-03 13:15:00,63767.31300099998
2022-11-03 13:30:00,63776.478000999974
2022-11-03 13:45:00,63748.98300099997
2022-11-03 14:00:00,63767.31300099998
2022-11-03 14:15:00,63822.30300099997
2022-11-03 14:30:00,63840.63300099998
2022-11-03 14:45:00,63868.12800099998
2022-11-03 15:00:00,63849.798000999974
2022-11-03 15:15:00,63886.45800099998
2022-11-03 15:30:00,63831.46800099998
2022-11-03 15:45:00,63712.32300099998
2022-11-03 16:00:00,63693.99300099997
2022-11-04 09:30:00,64790.31030099997
2022-11-04 09:45:00,64790.31030099997
2022-11-04 10:00:00,64790.31030099997
2022-11-04 10:15:00,64790.31030099997
2022-11-04 10:30:00,64790.31030099997
2022-11-04 10:45:00,64790.31030099997
2022-11-04 11:00:00,64790.31030099997
2022-11-04 11:15:00,64790.31030099997
2022-11-04 11:30:00,64790.31030099997
2022-11-04 11:45:00,64790.31030099997
2022-11-04 12:00:00,64790.31030099997
2022-11-04 12:15:00,64790.31030099997
2022-11-04 12:30:00,64790.31030099997
2022-11-04 12:45:00,64790.31030099997
2022-11-04 13:00:00,64790.31030099997
2022-11-04 13:15:00,64790.31030099997
2022-11-04 13:30:00,64790.31030099997
2022-11-04 13:45:00,64790.31030099997
2022-11-04 14:00:00,64790.31030099997
2022-11-04 14:15:00,64790.31030099997
2022-11-04 14:30:00,64790.31030099997
2022-11-04 14:45:00,64790.31030099997
2022-11-04 15:00:00,64790.31030099997
2022-11-04 15:15:00,64790.31030099997
2022-11-04 15:30:00,64790.31030099997
2022-11-04 15:45:00,64790.31030099997
2022-11-04 16:00:00,64790.31030099997
2022-11-07 09:30:00,64790.31030099997
2022-11-07 09:45:00,64790.31030099997
2022-11-07 10:00:00,64790.31030099997
2022-11-07 10:15:00,64790.31030099997
2022-11-07 10:30:00,64790.31030099997
2022-11-07 10:45:00,64790.31030099997
2022-11-07 11:00:00,64790.31030099997
2022-11-07 11:15:00,64790.31030099997
2022-11-07 11:30:00,64790.31030099997
2022-11-07 11:45:00,64790.31030099997
2022-11-07 12:00:00,64790.31030099997
2022-11-07 12:15:00,64790.31030099997
2022-11-07 12:30:00,64790.31030099997
2022-11-07 12:45:00,64790.31030099997
2022-11-07 13:00:00,64790.31030099997
2022-11-07 13:15:00,64790.31030099997
2022-11-07 13:30:00,64790.31030099997
2022-11-07 13:45:00,64790.31030099997
2022-11-07 14:00:00,64790.31030099997
2022-11-07 14:15:00,64790.31030099997
2022-11-07 14:30:00,64790.31030099997
2022-11-07 14:45:00,64790.31030099997
2022-11-07 15:00:00,64790.31030099997
2022-11-07 15:15:00,64790.31030099997
2022-11-07 15:30:00,64790.31030099997
2022-11-07 15:45:00,64790.31030099997
2022-11-07 16:00:00,64790.31030099997
2022-11-08 09:30:00,64790.31030099997
2022-11-08 09:45:00,64790.31030099997
2022-11-08 10:00:00,64790.31030099997
2022-11-08 10:15:00,64790.31030099997
2022-11-08 10:30:00,64147.95200099997
2022-11-08 10:45:00,64113.21200099996
2022-11-08 11:00:00,64157.60200099997
2022-11-08 11:15:00,64174.972000999966
2022-11-08 11:30:00,64315.784800999965
2022-11-08 11:45:00,64376.367500999964
2022-11-08 12:00:00,64312.00200099997
2022-11-08 12:15:00,64331.12830099997
2022-11-08 12:30:00,64348.67200099997
2022-11-08 12:45:00,64312.00200099997
2022-11-08 13:00:00,64348.67200099997
2022-11-08 13:15:00,63931.77270099997
2022-11-08 13:30:00,63988.61120099996
2022-11-08 13:45:00,63788.33510099997
2022-11-08 14:00:00,63763.88200099997
2022-11-08 14:15:00,63429.027000999966
2022-11-08 14:30:00,63804.64360099997
2022-11-08 14:45:00,63828.53700099996
2022-11-08 15:00:00,63968.46200099996
2022-11-08 15:15:00,64156.637000999974
2022-11-08 15:30:00,64158.56700099997
2022-11-08 15:45:00,64032.152000999966
2022-11-08 16:00:00,63871.96200099996
2022-11-09 09:30:00,63523.597000999966
2022-11-09 09:45:00,63507.19200099997
2022-11-09 10:00:00,63814.06200099996
2022-11-09 10:15:00,63673.05620099997
2022-11-09 10:30:00,63514.91200099996
2022-11-09 10:45:00,63458.94200099997
2022-11-09 11:00:00,63615.27200099997
2022-11-09 11:15:00,63565.09200099997
2022-11-09 11:30:00,63700.19200099997
2022-11-09 11:45:00,63537.10700099996
2022-11-09 12:00:00,63433.85200099997
2022-11-09 12:15:00,63399.112000999965
2022-11-09 12:30:00,63345.38080099996
2022-11-09 12:45:00,63429.99200099996
2022-11-09 13:00:00,63345.072000999964
2022-11-09 13:15:00,63285.24200099996
2022-11-09 13:30:00,63125.99770099997
2022-11-09 13:45:00,63096.10200099997
2022-11-09 14:00:00,63184.88200099997
2022-11-09 14:15:00,63101.892000999964
2022-11-09 14:30:00,63034.34200099997
2022-11-09 14:45:00,62936.87700099997
2022-11-09 15:00:00,63036.27200099997
2022-11-09 15:15:00,63013.112000999965
2022-11-09 15:30:00,62828.79700099997
2022-11-09 15:45:00,62798.88200099997
2022-11-09 16:00:00,62831.69200099997
2022-11-10 09:30:00,64248.29270099997
2022-11-10 09:45:00,64526.23200099996
2022-11-10 10:00:00,64304.28200099997
2022-11-10 10:15:00,64491.49200099996
2022-11-10 10:30:00,64389.20200099997
2022-11-10 10:45:00,64582.20200099997
2022-11-10 11:00:00,64564.83200099997
2022-11-10 11:15:00,64643.96200099996
2022-11-10 11:30:00,64651.68200099997
2022-11-10 11:45:00,64732.74200099996
2022-11-10 12:00:00,64565.79700099997
2022-11-10 12:15:00,64547.46200099996
2022-11-10 12:30:00,64487.63200099997
2022-11-10 12:45:00,64313.93200099997
2022-11-10 13:00:00,64518.512000999974
2022-11-10 13:15:00,64549.77800099997
2022-11-10 13:30:00,64651.68200099997
2022-11-10 13:45:00,64709.58200099997
2022-11-10 14:00:00,64162.87450099996
2022-11-10 14:15:00,64162.87450099996
2022-11-10 14:30:00,64162.87450099996
2022-11-10 14:45:00,64162.87450099996
2022-11-10 15:00:00,64162.87450099996
2022-11-10 15:15:00,64162.87450099996
2022-11-10 15:30:00,63524.69890099996
2022-11-10 15:45:00,63682.858900999956
2022-11-10 16:00:00,63570.82890099995
2022-11-11 09:30:00,64021.716700999954
2022-11-11 09:45:00,64021.716700999954
2022-11-11 10:00:00,64021.716700999954
2022-11-11 10:15:00,63386.36770099995
2022-11-11 10:30:00,63467.877700999954
2022-11-11 10:45:00,63607.302700999964
2022-11-11 11:00:00,63446.127400999954
2022-11-11 11:15:00,63000.26770099995
2022-11-11 11:30:00,63244.79770099996
2022-11-11 11:45:00,63291.987700999955
2022-11-11 12:00:00,63566.54770099996
2022-11-11 12:15:00,63646.21300099996
2022-11-11 12:30:00,63600.86770099995
2022-11-11 12:45:00,63665.26060099996
2022-11-11 13:00:00,63914.037700999965
2022-11-11 13:15:00,63430.55470099996
2022-11-11 13:30:00,63430.55470099996
2022-11-11 13:45:00,63430.55470099996
2022-11-11 14:00:00,63430.55470099996
2022-11-11 14:15:00,63430.55470099996
2022-11-11 14:30:00,63430.55470099996
2022-11-11 14:45:00,63430.55470099996
2022-11-11 15:00:00,63430.55470099996
2022-11-11 15:15:00,63430.55470099996
2022-11-11 15:30:00,63430.55470099996
2022-11-11 15:45:00,63430.55470099996
2022-11-11 16:00:00,63430.55470099996
2022-11-14 09:30:00,63430.55470099996
2022-11-14 09:45:00,63430.55470099996
2022-11-14 10:00:00,63430.55470099996
2022-11-14 10:15:00,63430.55470099996
2022-11-14 10:30:00,63430.55470099996
2022-11-14 10:45:00,63430.55470099996
2022-11-14 11:00:00,63430.55470099996
2022-11-14 11:15:00,63430.55470099996
2022-11-14 11:30:00,63430.55470099996
2022-11-14 11:45:00,63430.55470099996
2022-11-14 12:00:00,63430.55470099996
2022-11-14 12:15:00,63430.55470099996
2022-11-14 12:30:00,63430.55470099996
2022-11-14 12:45:00,63430.55470099996
2022-11-14 13:00:00,63430.55470099996
2022-11-14 13:15:00,63430.55470099996
2022-11-14 13:30:00,63430.55470099996
2022-11-14 13:45:00,63430.55470099996
2022-11-14 14:00:00,63430.55470099996
2022-11-14 14:15:00,63430.55470099996
2022-11-14 14:30:00,63430.55470099996
2022-11-14 14:45:00,63430.55470099996
2022-11-14 15:00:00,63430.55470099996
2022-11-14 15:15:00,63430.55470099996
2022-11-14 15:30:00,63430.55470099996
2022-11-14 15:45:00,63430.55470099996
2022-11-14 16:00:00,63430.55470099996
2022-11-15 09:30:00,63430.55470099996
2022-11-15 09:45:00,63430.55470099996
2022-11-15 10:00:00,63430.55470099996
2022-11-15 10:15:00,63430.55470099996
2022-11-15 10:30:00,63430.55470099996
2022-11-15 10:45:00,63430.55470099996
2022-11-15 11:00:00,63430.55470099996
2022-11-15 11:15:00,63430.55470099996
2022-11-15 11:30:00,63430.55470099996
2022-11-15 11:45:00,63430.55470099996
2022-11-15 12:00:00,63430.55470099996
2022-11-15 12:15:00,63430.55470099996
2022-11-15 12:30:00,63430.55470099996
2022-11-15 12:45:00,63430.55470099996
2022-11-15 13:00:00,63430.55470099996
2022-11-15 13:15:00,63430.55470099996
2022-11-15 13:30:00,63430.55470099996
2022-11-15 13:45:00,63430.55470099996
2022-11-15 14:00:00,63430.55470099996
2022-11-15 14:15:00,63430.55470099996
2022-11-15 14:30:00,63430.55470099996
2022-11-15 14:45:00,63430.55470099996
2022-11-15 15:00:00,63430.55470099996
2022-11-15 15:15:00,63430.55470099996
2022-11-15 15:30:00,63430.55470099996
2022-11-15 15:45:00,63430.55470099996
2022-11-15 16:00:00,63430.55470099996
2022-11-16 09:30:00,63430.55470099996
2022-11-16 09:45:00,63430.55470099996
2022-11-16 10:00:00,63430.55470099996
2022-11-16 10:15:00,63430.55470099996
2022-11-16 10:30:00,63430.55470099996
2022-11-16 10:45:00,63430.55470099996
2022-11-16 11:00:00,63430.55470099996
2022-11-16 11:15:00,63430.55470099996
2022-11-16 11:30:00,63430.55470099996
2022-11-16 11:45:00,63430.55470099996
2022-11-16 12:00:00,63430.55470099996
2022-11-16 12:15:00,63430.55470099996
2022-11-16 12:30:00,63430.55470099996
2022-11-16 12:45:00,63430.55470099996
2022-11-16 13:00:00,63430.55470099996
2022-11-16 13:15:00,63430.55470099996
2022-11-16 13:30:00,63430.55470099996
2022-11-16 13:45:00,63430.55470099996
2022-11-16 14:00:00,63430.55470099996
2022-11-16 14:15:00,63430.55470099996
2022-11-16 14:30:00,63430.55470099996
2022-11-16 14:45:00,63430.55470099996
2022-11-16 15:00:00,63430.55470099996
2022-11-16 15:15:00,63430.55470099996
2022-11-16 15:30:00,63430.55470099996
2022-11-16 15:45:00,63430.55470099996
2022-11-16 16:00:00,63430.55470099996
2022-11-17 09:30:00,63430.55470099996
2022-11-17 09:45:00,63430.55470099996
2022-11-17 10:00:00,63430.55470099996
2022-11-17 10:15:00,63430.55470099996
2022-11-17 10:30:00,63430.55470099996
2022-11-17 10:45:00,63430.55470099996
2022-11-17 11:00:00,63430.55470099996
2022-11-17 11:15:00,63430.55470099996
2022-11-17 11:30:00,63430.55470099996
2022-11-17 11:45:00,63430.55470099996
2022-11-17 12:00:00,63430.55470099996
2022-11-17 12:15:00,63430.55470099996
2022-11-17 12:30:00,63430.55470099996
2022-11-17 12:45:00,63430.55470099996
2022-11-17 13:00:00,63430.55470099996
2022-11-17 13:15:00,63430.55470099996
2022-11-17 13:30:00,63430.55470099996
2022-11-17 13:45:00,63430.55470099996
2022-11-17 14:00:00,63430.55470099996
2022-11-17 14:15:00,63430.55470099996
2022-11-17 14:30:00,63430.55470099996
2022-11-17 14:45:00,63430.55470099996
2022-11-17 15:00:00,63430.55470099996
2022-11-17 15:15:00,63430.55470099996
2022-11-17 15:30:00,63430.55470099996
2022-11-17 15:45:00,63430.55470099996
2022-11-17 16:00:00,63430.55470099996
2022-11-18 09:30:00,63430.55470099996
2022-11-18 09:45:00,63430.55470099996
2022-11-18 10:00:00,63430.55470099996
2022-11-18 10:15:00,63430.55470099996
2022-11-18 10:30:00,63430.55470099996
2022-11-18 10:45:00,63430.55470099996
2022-11-18 11:00:00,63430.55470099996
2022-11-18 11:15:00,63430.55470099996
2022-11-18 11:30:00,63430.55470099996
2022-11-18 11:45:00,63430.55470099996
2022-11-18 12:00:00,63430.55470099996
2022-11-18 12:15:00,63430.55470099996
2022-11-18 12:30:00,63430.55470099996
2022-11-18 12:45:00,63430.55470099996
2022-11-18 13:00:00,63430.55470099996
2022-11-18 13:15:00,63430.55470099996
2022-11-18 13:30:00,63430.55470099996
2022-11-18 13:45:00,63430.55470099996
2022-11-18 14:00:00,63430.55470099996
2022-11-18 14:15:00,63430.55470099996
2022-11-18 14:30:00,63430.55470099996
2022-11-18 14:45:00,63430.55470099996
2022-11-18 15:00:00,63430.55470099996
2022-11-18 15:15:00,63430.55470099996
2022-11-18 15:30:00,63430.55470099996
2022-11-18 15:45:00,63430.55470099996
2022-11-18 16:00:00,63430.55470099996
2022-11-21 09:30:00,63430.55470099996
2022-11-21 09:45:00,63430.55470099996
2022-11-21 10:00:00,63430.55470099996
2022-11-21 10:15:00,63430.55470099996
2022-11-21 10:30:00,63430.55470099996
2022-11-21 10:45:00,63430.55470099996
2022-11-21 11:00:00,63430.55470099996
2022-11-21 11:15:00,63430.55470099996
2022-11-21 11:30:00,63430.55470099996
2022-11-21 11:45:00,63430.55470099996
2022-11-21 12:00:00,63430.55470099996
2022-11-21 12:15:00,63430.55470099996
2022-11-21 12:30:00,63430.55470099996
2022-11-21 12:45:00,63430.55470099996
2022-11-21 13:00:00,63430.55470099996
2022-11-21 13:15:00,63430.55470099996
2022-11-21 13:30:00,63430.55470099996
2022-11-21 13:45:00,62801.92560099996
2022-11-21 14:00:00,62865.89100099996
2022-11-21 14:15:00,62799.13560099996
2022-11-21 14:30:00,62780.53560099995
2022-11-21 14:45:00,62787.975600999955
2022-11-21 15:00:00,62797.27560099996
2022-11-21 15:15:00,62694.975600999955
2022-11-21 15:30:00,62702.452800999956
2022-11-21 15:45:00,62722.875600999956
2022-11-21 16:00:00,62741.475600999955
2022-11-22 09:30:00,63033.49560099996
2022-11-22 09:45:00,63107.89560099995
2022-11-22 10:00:00,63243.67560099996
2022-11-22 10:15:00,63202.06740099996
2022-11-22 10:30:00,63206.475600999955
2022-11-22 10:45:00,63258.55560099996
2022-11-22 11:00:00,63219.49560099996
2022-11-22 11:15:00,63228.07020099995
2022-11-22 11:30:00,63213.91560099995
2022-11-22 11:45:00,63230.655600999955
2022-11-22 12:00:00,63196.24560099996
2022-11-22 12:15:00,63202.625400999954
2022-11-22 12:30:00,63230.655600999955
2022-11-22 12:45:00,63208.335600999955
2022-11-22 13:00:00,63297.63420099996
2022-11-22 13:15:00,63332.95560099996
2022-11-22 13:30:00,63295.75560099995
2022-11-22 13:45:00,63304.125600999956
2022-11-22 14:00:00,63275.518800999955
2022-11-22 14:15:00,63344.11560099996
2022-11-22 14:30:00,63297.61560099996
2022-11-22 14:45:00,63373.875600999956
2022-11-22 15:00:00,62800.29320099994
2022-11-22 15:15:00,62800.29320099994
2022-11-22 15:30:00,62800.29320099994
2022-11-22 15:45:00,62800.29320099994
2022-11-22 16:00:00,62800.29320099994
2022-11-23 09:30:00,62800.29320099994
2022-11-23 09:45:00,62800.29320099994
2022-11-23 10:00:00,62800.29320099994
2022-11-23 10:15:00,62800.29320099994
2022-11-23 10:30:00,62800.29320099994
2022-11-23 10:45:00,62800.29320099994
2022-11-23 11:00:00,62800.29320099994
2022-11-23 11:15:00,62800.29320099994
2022-11-23 11:30:00,62800.29320099994
2022-11-23 11:45:00,62800.29320099994
2022-11-23 12:00:00,62800.29320099994
2022-11-23 12:15:00,62800.29320099994
2022-11-23 12:30:00,62800.29320099994
2022-11-23 12:45:00,62800.29320099994
2022-11-23 13:00:00,62800.29320099994
2022-11-23 13:15:00,62800.29320099994
2022-11-23 13:30:00,62800.29320099994
2022-11-23 13:45:00,62800.29320099994
2022-11-23 14:00:00,62800.29320099994
2022-11-23 14:15:00,62800.29320099994
2022-11-23 14:30:00,62800.29320099994
2022-11-23 14:45:00,62177.71040099994
2022-11-23 15:00:00,62257.85540099994
2022-11-23 15:15:00,62257.85540099994
2022-11-23 15:30:00,62169.490400999945
2022-11-23 15:45:00,62243.47040099993
2022-11-23 16:00:00,62214.70040099994
2022-11-25 09:30:00,60940.148300999936
2022-11-25 09:45:00,61220.08040099994
2022-11-25 10:00:00,61183.09040099994
2022-11-25 10:15:00,61117.28930099994
2022-11-25 10:30:00,61043.35040099994
2022-11-25 10:45:00,61016.63540099994
2022-11-25 11:00:00,61001.88050099994
2022-11-25 11:15:00,60881.21090099994
2022-11-25 11:30:00,60883.060400999944
2022-11-25 11:45:00,61074.175400999935
2022-11-25 12:00:00,61006.36040099994
2022-11-25 12:15:00,61022.800400999935
2022-11-25 12:30:00,60923.996000999934
2022-11-25 12:45:00,61018.69040099994
2022-11-25 13:00:00,60952.93040099994
2022-11-25 13:15:00,60965.26040099994
2022-11-28 09:30:00,60330.265400999946
2022-11-28 09:45:00,60114.490400999945
2022-11-28 10:00:00,59999.41040099994
2022-11-28 10:15:00,59174.821100999936
2022-11-28 10:30:00,59174.821100999936
2022-11-28 10:45:00,59174.821100999936
2022-11-28 11:00:00,59174.821100999936
2022-11-28 11:15:00,59174.821100999936
2022-11-28 11:30:00,59174.821100999936
2022-11-28 11:45:00,59174.821100999936
2022-11-28 12:00:00,59174.821100999936
2022-11-28 12:15:00,59174.821100999936
2022-11-28 12:30:00,59174.821100999936
2022-11-28 12:45:00,59174.821100999936
2022-11-28 13:00:00,59174.821100999936
2022-11-28 13:15:00,59174.821100999936
2022-11-28 13:30:00,59174.821100999936
2022-11-28 13:45:00,59174.821100999936
2022-11-28 14:00:00,59174.821100999936
2022-11-28 14:15:00,59174.821100999936
2022-11-28 14:30:00,59174.821100999936
2022-11-28 14:45:00,59174.821100999936
2022-11-28 15:00:00,59174.821100999936
2022-11-28 15:15:00,58586.13132699994
2022-11-28 15:30:00,58761.473926999926
2022-11-28 15:45:00,58849.11392699993
2022-11-28 16:00:00,58974.31392699993
2022-11-29 09:30:00,58817.876526999935
2022-11-29 09:45:00,58379.61392699993
2022-11-29 10:00:00,58127.64892699994
2022-11-29 10:15:00,58532.983926999936
2022-11-29 10:30:00,58260.67392699993
2022-11-29 10:45:00,57947.67392699993
2022-11-29 11:00:00,57556.42392699993
2022-11-29 11:15:00,57622.21652699994
2022-11-29 11:30:00,57690.38792699993
2022-11-29 11:45:00,57878.81392699993
2022-11-29 12:00:00,57775.52392699994
2022-11-29 12:15:00,57708.35412699993
2022-11-29 12:30:00,57978.911326999936
2022-11-29 12:45:00,57266.21032699993
2022-11-29 13:00:00,57266.21032699993
2022-11-29 13:15:00,57266.21032699993
2022-11-29 13:30:00,57266.21032699993
2022-11-29 13:45:00,57266.21032699993
2022-11-29 14:00:00,57266.21032699993
2022-11-29 14:15:00,57266.21032699993
2022-11-29 14:30:00,57266.21032699993
2022-11-29 14:45:00,57266.21032699993
2022-11-29 15:00:00,57266.21032699993
2022-11-29 15:15:00,57266.21032699993
2022-11-29 15:30:00,57266.21032699993
2022-11-29 15:45:00,57266.21032699993
2022-11-29 16:00:00,57266.21032699993
2022-11-30 09:30:00,57266.21032699993
2022-11-30 09:45:00,57266.21032699993
2022-11-30 10:00:00,57266.21032699993
2022-11-30 10:15:00,57266.21032699993
2022-11-30 10:30:00,57266.21032699993
2022-11-30 10:45:00,57266.21032699993
2022-11-30 11:00:00,57266.21032699993
2022-11-30 11:15:00,57266.21032699993
2022-11-30 11:30:00,57266.21032699993
2022-11-30 11:45:00,57266.21032699993
2022-11-30 12:00:00,57266.21032699993
2022-11-30 12:15:00,57266.21032699993
2022-11-30 12:30:00,57266.21032699993
2022-11-30 12:45:00,57266.21032699993
2022-11-30 13:00:00,57266.21032699993
2022-11-30 13:15:00,57266.21032699993
2022-11-30 13:30:00,57266.21032699993
2022-11-30 13:45:00,57266.21032699993
2022-11-30 14:00:00,57266.21032699993
2022-11-30 14:15:00,57266.21032699993
2022-11-30 14:30:00,57266.21032699993
2022-11-30 14:45:00,57266.21032699993
2022-11-30 15:00:00,56696.96582699993
2022-11-30 15:15:00,56954.01582699992
2022-11-30 15:30:00,56958.86582699992
2022-11-30 15:45:00,56742.31332699992
2022-11-30 16:00:00,56742.31332699992
2022-12-01 09:30:00,56742.31332699992
2022-12-01 09:45:00,56742.31332699992
2022-12-01 10:00:00,56179.76532699993
2022-12-01 10:15:00,55893.38532699993
2022-12-01 10:30:00,56002.16532699992
2022-12-01 10:45:00,56421.745326999924
2022-12-01 11:00:00,56341.825326999926
2022-12-01 11:15:00,56181.98532699992
2022-12-01 11:30:00,56286.325326999926
2022-12-01 11:45:00,56241.925326999924
2022-12-01 12:00:00,56190.86532699992
2022-12-01 12:15:00,56386.22532699993
2022-12-01 12:30:00,56437.285326999925
2022-12-01 12:45:00,56492.785326999925
2022-12-01 13:00:00,56640.41532699992
2022-12-01 13:15:00,56410.645326999926
2022-12-01 13:30:00,56546.06532699993
2022-12-01 13:45:00,56523.22152699993
2022-12-01 14:00:00,56568.26532699993
2022-12-01 14:15:00,56683.70532699992
2022-12-01 14:30:00,56700.84372699993
2022-12-01 14:45:00,56259.018882999924
2022-12-01 15:00:00,56259.018882999924
2022-12-01 15:15:00,56259.018882999924
2022-12-01 15:30:00,56259.018882999924
2022-12-01 15:45:00,56259.018882999924
2022-12-01 16:00:00,56259.018882999924
2022-12-02 09:30:00,56259.018882999924
2022-12-02 09:45:00,56259.018882999924
2022-12-02 10:00:00,56259.018882999924
2022-12-02 10:15:00,56259.018882999924
2022-12-02 10:30:00,56259.018882999924
2022-12-02 10:45:00,56259.018882999924
2022-12-02 11:00:00,55700.887029999925
2022-12-02 11:15:00,55879.46172999993
2022-12-02 11:30:00,55976.61672999993
2022-12-02 11:45:00,55946.936829999926
2022-12-02 12:00:00,56047.139829999935
2022-12-02 12:15:00,55875.613629999934
2022-12-02 12:30:00,55814.691729999926
2022-12-02 12:45:00,55795.64172999993
2022-12-02 13:00:00,55795.64172999993
2022-12-02 13:15:00,55860.41172999993
2022-12-02 13:30:00,55879.46172999993
2022-12-02 13:45:00,55883.23362999993
2022-12-02 14:00:00,55796.17512999993
2022-12-02 14:15:00,55812.78672999993
2022-12-02 14:30:00,55806.65262999993
2022-12-02 14:45:00,56054.721729999925
2022-12-02 15:00:00,55883.44317999994
2022-12-02 15:15:00,55883.44317999994
2022-12-02 15:30:00,55883.44317999994
2022-12-02 15:45:00,55883.44317999994
2022-12-02 16:00:00,55883.44317999994
2022-12-05 09:30:00,55883.44317999994
2022-12-05 09:45:00,55883.44317999994
2022-12-05 10:00:00,55883.44317999994
2022-12-05 10:15:00,55883.44317999994
2022-12-05 10:30:00,55883.44317999994
2022-12-05 10:45:00,55883.44317999994
2022-12-05 11:00:00,55883.44317999994
2022-12-05 11:15:00,55883.44317999994
2022-12-05 11:30:00,55883.44317999994
2022-12-05 11:45:00,55883.44317999994
2022-12-05 12:00:00,55883.44317999994
2022-12-05 12:15:00,55883.44317999994
2022-12-05 12:30:00,55883.44317999994
2022-12-05 12:45:00,55883.44317999994
2022-12-05 13:00:00,55883.44317999994
2022-12-05 13:15:00,55883.44317999994
2022-12-05 13:30:00,55883.44317999994
2022-12-05 13:45:00,55883.44317999994
2022-12-05 14:00:00,55883.44317999994
2022-12-05 14:15:00,55883.44317999994
2022-12-05 14:30:00,55883.44317999994
2022-12-05 14:45:00,55883.44317999994
2022-12-05 15:00:00,55883.44317999994
2022-12-05 15:15:00,55883.44317999994
2022-12-05 15:30:00,55883.44317999994
2022-12-05 15:45:00,55883.44317999994
2022-12-05 16:00:00,55883.44317999994
2022-12-06 09:30:00,55883.44317999994
2022-12-06 09:45:00,55883.44317999994
2022-12-06 10:00:00,55883.44317999994
2022-12-06 10:15:00,55883.44317999994
2022-12-06 10:30:00,55883.44317999994
2022-12-06 10:45:00,55883.44317999994
2022-12-06 11:00:00,55883.44317999994
2022-12-06 11:15:00,55883.44317999994
2022-12-06 11:30:00,55883.44317999994
2022-12-06 11:45:00,55883.44317999994
2022-12-06 12:00:00,55883.44317999994
2022-12-06 12:15:00,55883.44317999994
2022-12-06 12:30:00,55883.44317999994
2022-12-06 12:45:00,55883.44317999994
2022-12-06 13:00:00,55883.44317999994
2022-12-06 13:15:00,55883.44317999994
2022-12-06 13:30:00,55883.44317999994
2022-12-06 13:45:00,55883.44317999994
2022-12-06 14:00:00,55883.44317999994
2022-12-06 14:15:00,55883.44317999994
2022-12-06 14:30:00,55883.44317999994
2022-12-06 14:45:00,55883.44317999994
2022-12-06 15:00:00,55883.44317999994
2022-12-06 15:15:00,55883.44317999994
2022-12-06 15:30:00,55883.44317999994
2022-12-06 15:45:00,55883.44317999994
2022-12-06 16:00:00,55883.44317999994
2022-12-07 09:30:00,55883.44317999994
2022-12-07 09:45:00,55883.44317999994
2022-12-07 10:00:00,55883.44317999994
2022-12-07 10:15:00,55883.44317999994
2022-12-07 10:30:00,55883.44317999994
2022-12-07 10:45:00,55883.44317999994
2022-12-07 11:00:00,55883.44317999994
2022-12-07 11:15:00,55883.44317999994
2022-12-07 11:30:00,55883.44317999994
2022-12-07 11:45:00,55883.44317999994
2022-12-07 12:00:00,55883.44317999994
2022-12-07 12:15:00,55883.44317999994
2022-12-07 12:30:00,55883.44317999994
2022-12-07 12:45:00,55883.44317999994
2022-12-07 13:00:00,55883.44317999994
2022-12-07 13:15:00,55883.44317999994
2022-12-07 13:30:00,55883.44317999994
2022-12-07 13:45:00,55883.44317999994
2022-12-07 14:00:00,55883.44317999994
2022-12-07 14:15:00,55883.44317999994
2022-12-07 14:30:00,55883.44317999994
2022-12-07 14:45:00,55883.44317999994
2022-12-07 15:00:00,55883.44317999994
2022-12-07 15:15:00,55883.44317999994
2022-12-07 15:30:00,55883.44317999994
2022-12-07 15:45:00,55883.44317999994
2022-12-07 16:00:00,55883.44317999994
2022-12-08 09:30:00,55883.44317999994
2022-12-08 09:45:00,55883.44317999994
2022-12-08 10:00:00,55883.44317999994
2022-12-08 10:15:00,55883.44317999994
2022-12-08 10:30:00,55883.44317999994
2022-12-08 10:45:00,55883.44317999994
2022-12-08 11:00:00,55883.44317999994
2022-12-08 11:15:00,55883.44317999994
2022-12-08 11:30:00,55883.44317999994
2022-12-08 11:45:00,55883.44317999994
2022-12-08 12:00:00,55883.44317999994
2022-12-08 12:15:00,55883.44317999994
2022-12-08 12:30:00,55883.44317999994
2022-12-08 12:45:00,55883.44317999994
2022-12-08 13:00:00,55883.44317999994
2022-12-08 13:15:00,55883.44317999994
2022-12-08 13:30:00,55883.44317999994
2022-12-08 13:45:00,55883.44317999994
2022-12-08 14:00:00,55883.44317999994
2022-12-08 14:15:00,55883.44317999994
2022-12-08 14:30:00,55883.44317999994
2022-12-08 14:45:00,55883.44317999994
2022-12-08 15:00:00,55883.44317999994
2022-12-08 15:15:00,55883.44317999994
2022-12-08 15:30:00,55883.44317999994
2022-12-08 15:45:00,55883.44317999994
2022-12-08 16:00:00,55883.44317999994
2022-12-09 09:30:00,55883.44317999994
2022-12-09 09:45:00,55883.44317999994
2022-12-09 10:00:00,55883.44317999994
2022-12-09 10:15:00,55883.44317999994
2022-12-09 10:30:00,55883.44317999994
2022-12-09 10:45:00,55883.44317999994
2022-12-09 11:00:00,55883.44317999994
2022-12-09 11:15:00,55883.44317999994
2022-12-09 11:30:00,55883.44317999994
2022-12-09 11:45:00,55883.44317999994
2022-12-09 12:00:00,55883.44317999994
2022-12-09 12:15:00,55883.44317999994
2022-12-09 12:30:00,55883.44317999994
2022-12-09 12:45:00,55883.44317999994
2022-12-09 13:00:00,55883.44317999994
2022-12-09 13:15:00,55883.44317999994
2022-12-09 13:30:00,55883.44317999994
2022-12-09 13:45:00,55323.32067999994
2022-12-09 14:00:00,55309.22067999994
2022-12-09 14:15:00,55354.19967999993
2022-12-09 14:30:00,55288.070679999946
2022-12-09 14:45:00,55281.020679999936
2022-12-09 15:00:00,55231.67067999994
2022-12-09 15:15:00,55203.47067999994
2022-12-09 15:30:00,55168.22067999994
2022-12-09 15:45:00,55048.37067999994
2022-12-09 16:00:00,55062.47067999994
2022-12-12 09:30:00,54590.120679999935
2022-12-12 09:45:00,54533.72067999994
2022-12-12 10:00:00,54002.43267999993
2022-12-12 10:15:00,54002.43267999993
2022-12-12 10:30:00,54002.43267999993
2022-12-12 10:45:00,54002.43267999993
2022-12-12 11:00:00,54002.43267999993
2022-12-12 11:15:00,54002.43267999993
2022-12-12 11:30:00,54002.43267999993
2022-12-12 11:45:00,54002.43267999993
2022-12-12 12:00:00,54002.43267999993
2022-12-12 12:15:00,54002.43267999993
2022-12-12 12:30:00,54002.43267999993
2022-12-12 12:45:00,54002.43267999993
2022-12-12 13:00:00,54002.43267999993
2022-12-12 13:15:00,54002.43267999993
2022-12-12 13:30:00,54002.43267999993
2022-12-12 13:45:00,54002.43267999993
2022-12-12 14:00:00,54002.43267999993
2022-12-12 14:15:00,54002.43267999993
2022-12-12 14:30:00,54002.43267999993
2022-12-12 14:45:00,54002.43267999993
2022-12-12 15:00:00,54002.43267999993
2022-12-12 15:15:00,54002.43267999993
2022-12-12 15:30:00,54002.43267999993
2022-12-12 15:45:00,53468.56047999993
2022-12-12 16:00:00,53466.471579999925
2022-12-13 09:30:00,55138.47777999993
2022-12-13 09:45:00,55138.47777999993
2022-12-13 10:00:00,55138.47777999993
2022-12-13 10:15:00,55138.47777999993
2022-12-13 10:30:00,55138.47777999993
2022-12-13 10:45:00,55138.47777999993
2022-12-13 11:00:00,55138.47777999993
2022-12-13 11:15:00,55138.47777999993
2022-12-13 11:30:00,55138.47777999993
2022-12-13 11:45:00,55138.47777999993
2022-12-13 12:00:00,54594.90617999993
2022-12-13 12:15:00,54474.06617999993
2022-12-13 12:30:00,54505.86617999993
2022-12-13 12:45:00,54418.41617999993
2022-12-13 13:00:00,54531.30617999993
2022-12-13 13:15:00,54670.49527999993
2022-12-13 13:30:00,54702.405279999926
2022-12-13 13:45:00,54650.92527999993
2022-12-13 14:00:00,54610.09527999993
2022-12-13 14:15:00,54626.67527999993
2022-12-13 14:30:00,54796.08027999993
2022-12-13 14:45:00,54602.905279999926
2022-12-13 15:00:00,54461.999479999926
2022-12-13 15:15:00,54641.60527999993
2022-12-13 15:30:00,54706.270279999924
2022-12-13 15:45:00,54683.10527999993
2022-12-13 16:00:00,54711.44527999993
2022-12-14 09:30:00,54790.07527999993
2022-12-14 09:45:00,54908.92527999993
2022-12-14 10:00:00,54908.49027999993
2022-12-14 10:15:00,54914.67527999993
2022-12-14 10:30:00,54962.02927999993
2022-12-14 10:45:00,54981.11727999993
2022-12-14 11:00:00,55009.67327999993
2022-12-14 11:15:00,55067.46527999993
2022-12-14 11:30:00,55059.60527999993
2022-12-14 11:45:00,54994.83027999993
2022-12-14 12:00:00,54995.34527999993
2022-12-14 12:15:00,54986.81527999993
2022-12-14 12:30:00,55024.951979999925
2022-12-14 12:45:00,54953.02527999993
2022-12-14 13:00:00,55016.90527999993
2022-12-14 13:15:00,55006.49527999993
2022-12-14 13:30:00,55117.42527999993
2022-12-14 13:45:00,55034.55767999993
2022-12-14 14:00:00,54537.63527999993
2022-12-14 14:15:00,54503.42527999993
2022-12-14 14:30:00,54327.70317999993
2022-12-14 14:45:00,54312.61027999993
2022-12-14 15:00:00,54757.42527999994
2022-12-14 15:15:00,54325.95487999993
2022-12-14 15:30:00,54440.209379999935
2022-12-14 15:45:00,54424.165279999936
2022-12-14 16:00:00,54537.275279999936
2022-12-15 09:30:00,53721.28527999993
2022-12-15 09:45:00,53447.57527999993
2022-12-15 10:00:00,53360.55977999994
2022-12-15 10:15:00,53375.78037999993
2022-12-15 10:30:00,53465.345279999936
2022-12-15 10:45:00,53338.83527999993
2022-12-15 11:00:00,53261.115479999935
2022-12-15 11:15:00,53224.90527999993
2022-12-15 11:30:00,53168.81527999992
2022-12-15 11:45:00,53160.545279999926
2022-12-15 12:00:00,53146.64527999993
2022-12-15 12:15:00,53166.96527999993
2022-12-15 12:30:00,53098.155279999926
2022-12-15 12:45:00,53038.505279999925
2022-12-15 13:00:00,52963.69187199992
2022-12-15 13:15:00,52971.64187199993
2022-12-15 13:30:00,52973.231871999924
2022-12-15 13:45:00,53041.60187199993
2022-12-15 14:00:00,52985.951871999925
2022-12-15 14:15:00,53016.16187199993
2022-12-15 14:30:00,53214.91187199993
2022-12-15 14:45:00,52711.64677199993
2022-12-15 15:00:00,52711.64677199993
2022-12-15 15:15:00,52711.64677199993
2022-12-15 15:30:00,52711.64677199993
2022-12-15 15:45:00,52711.64677199993
2022-12-15 16:00:00,52711.64677199993
2022-12-16 09:30:00,52711.64677199993
2022-12-16 09:45:00,52711.64677199993
2022-12-16 10:00:00,52711.64677199993
2022-12-16 10:15:00,52711.64677199993
2022-12-16 10:30:00,52711.64677199993
2022-12-16 10:45:00,52711.64677199993
2022-12-16 11:00:00,52711.64677199993
2022-12-16 11:15:00,52711.64677199993
2022-12-16 11:30:00,52711.64677199993
2022-12-16 11:45:00,52711.64677199993
2022-12-16 12:00:00,52711.64677199993
2022-12-16 12:15:00,52711.64677199993
2022-12-16 12:30:00,52711.64677199993
2022-12-16 12:45:00,52711.64677199993
2022-12-16 13:00:00,52711.64677199993
2022-12-16 13:15:00,52711.64677199993
2022-12-16 13:30:00,52711.64677199993
2022-12-16 13:45:00,52711.64677199993
2022-12-16 14:00:00,52711.64677199993
2022-12-16 14:15:00,52711.64677199993
2022-12-16 14:30:00,52711.64677199993
2022-12-16 14:45:00,52711.64677199993
2022-12-16 15:00:00,52711.64677199993
2022-12-16 15:15:00,52711.64677199993
2022-12-16 15:30:00,52711.64677199993
2022-12-16 15:45:00,52711.64677199993
2022-12-16 16:00:00,52711.64677199993
2022-12-19 09:30:00,52711.64677199993
2022-12-19 09:45:00,52711.64677199993
2022-12-19 10:00:00,52711.64677199993
2022-12-19 10:15:00,52711.64677199993
2022-12-19 10:30:00,52711.64677199993
2022-12-19 10:45:00,52711.64677199993
2022-12-19 11:00:00,52711.64677199993
2022-12-19 11:15:00,52711.64677199993
2022-12-19 11:30:00,52711.64677199993
2022-12-19 11:45:00,52711.64677199993
2022-12-19 12:00:00,52711.64677199993
2022-12-19 12:15:00,52711.64677199993
2022-12-19 12:30:00,52711.64677199993
2022-12-19 12:45:00,52711.64677199993
2022-12-19 13:00:00,52711.64677199993
2022-12-19 13:15:00,52711.64677199993
2022-12-19 13:30:00,52711.64677199993
2022-12-19 13:45:00,52711.64677199993
2022-12-19 14:00:00,52711.64677199993
2022-12-19 14:15:00,52711.64677199993
2022-12-19 14:30:00,52711.64677199993
2022-12-19 14:45:00,52711.64677199993
2022-12-19 15:00:00,52711.64677199993
2022-12-19 15:15:00,52711.64677199993
2022-12-19 15:30:00,52711.64677199993
2022-12-19 15:45:00,52711.64677199993
2022-12-19 16:00:00,52711.64677199993
2022-12-20 09:30:00,52711.64677199993
2022-12-20 09:45:00,52711.64677199993
2022-12-20 10:00:00,52711.64677199993
2022-12-20 10:15:00,52711.64677199993
2022-12-20 10:30:00,52711.64677199993
2022-12-20 10:45:00,52711.64677199993
2022-12-20 11:00:00,52711.64677199993
2022-12-20 11:15:00,52711.64677199993
2022-12-20 11:30:00,52711.64677199993
2022-12-20 11:45:00,52711.64677199993
2022-12-20 12:00:00,52711.64677199993
2022-12-20 12:15:00,52711.64677199993
2022-12-20 12:30:00,52711.64677199993
2022-12-20 12:45:00,52711.64677199993
2022-12-20 13:00:00,52711.64677199993
2022-12-20 13:15:00,52711.64677199993
2022-12-20 13:30:00,52711.64677199993
2022-12-20 13:45:00,52711.64677199993
2022-12-20 14:00:00,52711.64677199993
2022-12-20 14:15:00,52711.64677199993
2022-12-20 14:30:00,52711.64677199993
2022-12-20 14:45:00,52711.64677199993
2022-12-20 15:00:00,52711.64677199993
2022-12-20 15:15:00,52711.64677199993
2022-12-20 15:30:00,52711.64677199993
2022-12-20 15:45:00,52711.64677199993
2022-12-20 16:00:00,52711.64677199993
2022-12-21 09:30:00,52711.64677199993
2022-12-21 09:45:00,52711.64677199993
2022-12-21 10:00:00,52711.64677199993
2022-12-21 10:15:00,52711.64677199993
2022-12-21 10:30:00,52711.64677199993
2022-12-21 10:45:00,52711.64677199993
2022-12-21 11:00:00,52711.64677199993
2022-12-21 11:15:00,52711.64677199993
2022-12-21 11:30:00,52711.64677199993
2022-12-21 11:45:00,52711.64677199993
2022-12-21 12:00:00,52711.64677199993
2022-12-21 12:15:00,52711.64677199993
2022-12-21 12:30:00,52711.64677199993
2022-12-21 12:45:00,52711.64677199993
2022-12-21 13:00:00,52711.64677199993
2022-12-21 13:15:00,52711.64677199993
2022-12-21 13:30:00,52711.64677199993
2022-12-21 13:45:00,52711.64677199993
2022-12-21 14:00:00,52711.64677199993
2022-12-21 14:15:00,52711.64677199993
2022-12-21 14:30:00,52711.64677199993
2022-12-21 14:45:00,52711.64677199993
2022-12-21 15:00:00,52711.64677199993
2022-12-21 15:15:00,52711.64677199993
2022-12-21 15:30:00,52711.64677199993
2022-12-21 15:45:00,52711.64677199993
2022-12-21 16:00:00,52711.64677199993
2022-12-22 09:30:00,52711.64677199993
2022-12-22 09:45:00,52711.64677199993
2022-12-22 10:00:00,52711.64677199993
2022-12-22 10:15:00,52711.64677199993
2022-12-22 10:30:00,52711.64677199993
2022-12-22 10:45:00,52711.64677199993
2022-12-22 11:00:00,52711.64677199993
2022-12-22 11:15:00,52711.64677199993
2022-12-22 11:30:00,52711.64677199993
2022-12-22 11:45:00,52711.64677199993
2022-12-22 12:00:00,52711.64677199993
2022-12-22 12:15:00,52711.64677199993
2022-12-22 12:30:00,52711.64677199993
2022-12-22 12:45:00,52711.64677199993
2022-12-22 13:00:00,52711.64677199993
2022-12-22 13:15:00,52711.64677199993
2022-12-22 13:30:00,52711.64677199993
2022-12-22 13:45:00,52711.64677199993
2022-12-22 14:00:00,52711.64677199993
2022-12-22 14:15:00,52711.64677199993
2022-12-22 14:30:00,52711.64677199993
2022-12-22 14:45:00,52711.64677199993
2022-12-22 15:00:00,52711.64677199993
2022-12-22 15:15:00,52711.64677199993
2022-12-22 15:30:00,52711.64677199993
2022-12-22 15:45:00,52711.64677199993
2022-12-22 16:00:00,52711.64677199993
2022-12-23 09:30:00,52711.64677199993
2022-12-23 09:45:00,52711.64677199993
2022-12-23 10:00:00,52711.64677199993
2022-12-23 10:15:00,52711.64677199993
2022-12-23 10:30:00,52711.64677199993
2022-12-23 10:45:00,52711.64677199993
2022-12-23 11:00:00,52711.64677199993
2022-12-23 11:15:00,52711.64677199993
2022-12-23 11:30:00,52711.64677199993
2022-12-23 11:45:00,52711.64677199993
2022-12-23 12:00:00,52711.64677199993
2022-12-23 12:15:00,52711.64677199993
2022-12-23 12:30:00,52711.64677199993
2022-12-23 12:45:00,52711.64677199993
2022-12-23 13:00:00,52711.64677199993
2022-12-23 13:15:00,52711.64677199993
2022-12-23 13:30:00,52711.64677199993
2022-12-23 13:45:00,52711.64677199993
2022-12-23 14:00:00,52711.64677199993
2022-12-23 14:15:00,52711.64677199993
2022-12-23 14:30:00,52711.64677199993
2022-12-23 14:45:00,52711.64677199993
2022-12-23 15:00:00,52711.64677199993
2022-12-23 15:15:00,52711.64677199993
2022-12-23 15:30:00,52711.64677199993
2022-12-23 15:45:00,52711.64677199993
2022-12-23 16:00:00,52711.64677199993
2022-12-27 09:30:00,52711.64677199993
2022-12-27 09:45:00,52711.64677199993
2022-12-27 10:00:00,52711.64677199993
2022-12-27 10:15:00,52711.64677199993
2022-12-27 10:30:00,52711.64677199993
2022-12-27 10:45:00,52711.64677199993
2022-12-27 11:00:00,52377.54657199993
2022-12-27 11:15:00,52190.39777199993
2022-12-27 11:30:00,52270.75777199993
2022-12-27 11:45:00,52232.63777199992
2022-12-27 12:00:00,52299.85777199993
2022-12-27 12:15:00,52203.40347199994
2022-12-27 12:30:00,52142.60947199994
2022-12-27 12:45:00,52186.27947199993
2022-12-27 13:00:00,52225.159471999934
2022-12-27 13:15:00,52181.129471999935
2022-12-27 13:30:00,52176.72947199993
2022-12-27 13:45:00,52094.39947199993
2022-12-27 14:00:00,52109.98947199993
2022-12-27 14:15:00,52035.03947199994
2022-12-27 14:30:00,52016.129471999935
2022-12-27 14:45:00,52085.89947199994
2022-12-27 15:00:00,52147.38947199994
2022-12-27 15:15:00,52155.73947199993
2022-12-27 15:30:00,52145.09947199993
2022-12-27 15:45:00,52084.81947199994
2022-12-27 16:00:00,52084.54947199993
2022-12-28 09:30:00,52215.59947199993
2022-12-28 09:45:00,52132.063271999934
2022-12-28 10:00:00,52115.77947199994
2022-12-28 10:15:00,51967.31507199993
2022-12-28 10:30:00,51998.49947199994
2022-12-28 10:45:00,51897.16387199994
2022-12-28 11:00:00,51816.699471999935
2022-12-28 11:15:00,51827.52947199993
2022-12-28 11:30:00,51811.849471999936
2022-12-28 11:45:00,51722.77947199993
2022-12-28 12:00:00,51613.073071999934
2022-12-28 12:15:00,51645.489471999936
2022-12-28 12:30:00,51672.64947199993
2022-12-28 12:45:00,51794.479471999926
2022-12-28 13:00:00,51857.629471999935
2022-12-28 13:15:00,51834.59947199993
2022-12-28 13:30:00,51780.42947199994
2022-12-28 13:45:00,51753.67947199993
2022-12-28 14:00:00,51735.53947199993
2022-12-28 14:15:00,51735.183871999936
2022-12-28 14:30:00,51841.93947199993
2022-12-28 14:45:00,51751.49347199993
2022-12-28 15:00:00,51586.85947199994
2022-12-28 15:15:00,51591.63667199993
2022-12-28 15:30:00,51517.239471999936
2022-12-28 15:45:00,51503.17947199993
2022-12-28 16:00:00,51518.339471999934
2022-12-29 09:30:00,51895.16947199993
2022-12-29 09:45:00,51912.085071999936
2022-12-29 10:00:00,52005.25507199993
2022-12-29 10:15:00,51974.11947199993
2022-12-29 10:30:00,51981.269471999934
2022-12-29 10:45:00,52015.86947199993
2022-12-29 11:00:00,51958.941671999935
2022-12-29 11:15:00,52016.52947199994
2022-12-29 11:30:00,52092.67947199994
2022-12-29 11:45:00,52130.00947199993
2022-12-29 12:00:00,52124.01827199993
2022-12-29 12:15:00,52118.10947199994
2022-12-29 12:30:00,52091.699471999935
2022-12-29 12:45:00,52127.77387199993
2022-12-29 13:00:00,52092.49947199993
2022-12-29 13:15:00,52079.32947199994
2022-12-29 13:30:00,52117.51967199993
2022-12-29 13:45:00,52115.71947199994
2022-12-29 14:00:00,52105.893871999935
2022-12-29 14:15:00,52082.089471999934
2022-12-29 14:30:00,52140.64947199993
2022-12-29 14:45:00,52089.02507199993
2022-12-29 15:00:00,52049.06947199993
2022-12-29 15:15:00,52032.39947199993
2022-12-29 15:30:00,52071.828871999925
2022-12-29 15:45:00,52048.33947199994
2022-12-29 16:00:00,52043.24947199994
2022-12-30 09:30:00,51788.549471999926
2022-12-30 09:45:00,51708.664271999936
2022-12-30 10:00:00,51695.85947199993
2022-12-30 10:15:00,51748.59947199993
2022-12-30 10:30:00,51739.519471999934
2022-12-30 10:45:00,51691.28347199993
2022-12-30 11:00:00,51652.33947199993
2022-12-30 11:15:00,51602.357871999935
2022-12-30 11:30:00,51663.46947199993
2022-12-30 11:45:00,51714.53947199993
2022-12-30 12:00:00,51701.335071999936
2022-12-30 12:15:00,51749.31227199993
2022-12-30 12:30:00,51740.22007199994
2022-12-30 12:45:00,51757.81947199994
2022-12-30 13:00:00,51729.20947199994
2022-12-30 13:15:00,51560.18947199993
2022-12-30 13:30:00,51591.159471999934
2022-12-30 13:45:00,51569.20947199994
2022-12-30 14:00:00,51521.20947199993
2022-12-30 14:15:00,51545.76947199993
2022-12-30 14:30:00,51544.73947199994
2022-12-30 14:45:00,51531.07947199994
2022-12-30 15:00:00,51704.22427199993
2022-12-30 15:15:00,51693.303471999934
2022-12-30 15:30:00,51277.25467199993
2022-12-30 15:45:00,51277.07467199993
2022-12-30 16:00:00,51277.85467199993
2023-01-03 09:30:00,51281.45467199993
2023-01-03 09:45:00,51280.194671999925
2023-01-03 10:00:00,51279.77467199993
2023-01-03 10:15:00,51279.53467199993
2023-01-03 10:30:00,51279.74467199993
2023-01-03 10:45:00,51280.61467199993
2023-01-03 11:00:00,51279.65467199993
2023-01-03 11:15:00,51280.01467199993
2023-01-03 11:30:00,51279.38467199993
2023-01-03 11:45:00,51279.08467199993
2023-01-03 12:00:00,51279.08467199993
2023-01-03 12:15:00,51278.93467199993
2023-01-03 12:30:00,51278.90467199993
2023-01-03 12:45:00,51278.78467199993
2023-01-03 13:00:00,51278.75467199993
2023-01-03 13:15:00,51279.32467199993
2023-01-03 13:30:00,51279.26467199993
2023-01-03 13:45:00,51279.32467199993
2023-01-03 14:00:00,51279.20467199993
2023-01-03 14:15:00,51279.14467199993
2023-01-03 14:30:00,51279.32467199993
2023-01-03 14:45:00,51279.47467199993
2023-01-03 15:00:00,50771.955421999926
2023-01-03 15:15:00,50820.58642199993
2023-01-03 15:30:00,50729.29042199993
2023-01-03 15:45:00,50606.080421999926
2023-01-03 16:00:00,50558.900421999926
2023-01-04 09:30:00,49708.74932199992
2023-01-04 09:45:00,49926.85852199993
2023-01-04 10:00:00,49464.738921999924
2023-01-04 10:15:00,49586.97852199993
2023-01-04 10:30:00,49860.816321999926
2023-01-04 10:45:00,50026.47852199993
2023-01-04 11:00:00,50231.63712199993
2023-01-04 11:15:00,50234.508521999924
2023-01-04 11:30:00,50682.798521999925
2023-01-04 11:45:00,50600.93432199993
2023-01-04 12:00:00,50436.67852199993
2023-01-04 12:15:00,50574.38852199993
2023-01-04 12:30:00,50723.81852199993
2023-01-04 12:45:00,50351.70852199993
2023-01-04 13:00:00,50424.95852199993
2023-01-04 13:15:00,50653.439921999925
2023-01-04 13:30:00,50870.31852199993
2023-01-04 13:45:00,50609.138321999926
2023-01-04 14:00:00,50366.47572199992
2023-01-04 14:15:00,49880.03712199993
2023-01-04 14:30:00,50129.02852199993
2023-01-04 14:45:00,50366.35852199993
2023-01-04 15:00:00,50375.14852199993
2023-01-04 15:15:00,50143.79572199992
2023-01-04 15:30:00,49852.260721999926
2023-01-04 15:45:00,50202.27852199993
2023-01-04 16:00:00,50208.13852199993
2023-01-05 09:30:00,49774.49852199992
2023-01-05 09:45:00,49557.619921999925
2023-01-05 10:00:00,49697.61532199993
2023-01-05 10:15:00,49393.59852199993
2023-01-05 10:30:00,49346.71852199993
2023-01-05 10:45:00,49135.758521999924
2023-01-05 11:00:00,49276.39852199993
2023-01-05 11:15:00,49258.81852199993
2023-01-05 11:30:00,49522.928721999924
2023-01-05 11:45:00,49440.47852199993
2023-01-05 12:00:00,49552.58032199993
2023-01-05 12:15:00,49396.52852199993
2023-01-05 12:30:00,49346.71852199993
2023-01-05 12:45:00,49346.71852199993
2023-01-05 13:00:00,49241.47292199993
2023-01-05 13:15:00,49523.690521999924
2023-01-05 13:30:00,49589.02952199993
2023-01-05 13:45:00,49481.49852199992
2023-01-05 14:00:00,49395.12212199993
2023-01-05 14:15:00,49399.45852199993
2023-01-05 14:30:00,49541.680721999925
2023-01-05 14:45:00,49446.39712199992
2023-01-05 15:00:00,49326.20852199993
2023-01-05 15:15:00,49262.10012199993
2023-01-05 15:30:00,49182.63852199993
2023-01-05 15:45:00,49006.838521999925
2023-01-05 16:00:00,49000.97852199993
2023-01-06 09:30:00,48104.39852199993
2023-01-06 09:45:00,48335.868521999924
2023-01-06 10:00:00,48892.56852199993
2023-01-06 10:15:00,48913.13712199993
2023-01-06 10:30:00,49198.69492199993
2023-01-06 10:45:00,49563.53852199992
2023-01-06 11:00:00,49554.74852199992
2023-01-06 11:15:00,49554.74852199992
2023-01-06 11:30:00,49645.63712199993
2023-01-06 11:45:00,49909.219921999924
2023-01-06 12:00:00,50044.05852199993
2023-01-06 12:15:00,50137.81852199993
2023-01-06 12:30:00,50111.448521999926
2023-01-06 12:45:00,50046.98852199993
2023-01-06 13:00:00,50249.158521999925
2023-01-06 13:15:00,50307.758521999924
2023-01-06 13:30:00,50404.448521999926
2023-01-06 13:45:00,50342.977121999924
2023-01-06 14:00:00,50471.838521999925
2023-01-06 14:15:00,50416.16852199993
2023-01-06 14:30:00,50606.618521999924
2023-01-06 14:45:00,50764.89712199992
2023-01-06 15:00:00,50872.66252199993
2023-01-06 15:15:00,50747.258521999924
2023-01-06 15:30:00,50855.66852199993
2023-01-06 15:45:00,50729.67852199993
2023-01-06 16:00:00,50706.17992199992
2023-01-09 09:30:00,51696.10972199992
2023-01-09 09:45:00,51696.10972199992
2023-01-09 10:00:00,51696.10972199992
2023-01-09 10:15:00,51182.47882199992
2023-01-09 10:30:00,51248.09882199993
2023-01-09 10:45:00,51250.02882199993
2023-01-09 11:00:00,51431.487421999926
2023-01-09 11:15:00,51383.198821999926
2023-01-09 11:30:00,51338.80882199992
2023-01-09 11:45:00,51329.15882199992
2023-01-09 12:00:00,51280.90882199992
2023-01-09 12:15:00,51251.95882199992
2023-01-09 12:30:00,51064.748821999914
2023-01-09 12:45:00,51141.56282199992
2023-01-09 13:00:00,51126.508821999916
2023-01-09 13:15:00,51155.45882199992
2023-01-09 13:30:00,50817.70882199992
2023-01-09 13:45:00,50730.85882199992
2023-01-09 14:00:00,50759.80882199992
2023-01-09 14:15:00,50769.45882199992
2023-01-09 14:30:00,50613.12882199992
2023-01-09 14:45:00,50451.008821999916
2023-01-09 15:00:00,50335.20882199992
2023-01-09 15:15:00,50364.15882199992
2023-01-09 15:30:00,50385.38882199992
2023-01-09 15:45:00,50265.72882199992
2023-01-09 16:00:00,50250.28882199992
2023-01-10 09:30:00,50230.98882199992
2023-01-10 09:45:00,50188.52882199993
2023-01-10 10:00:00,50323.62882199992
2023-01-10 10:15:00,49964.64882199992
2023-01-10 10:30:00,49509.78642199992
2023-01-10 10:45:00,49841.12882199992
2023-01-10 11:00:00,49814.10882199992
2023-01-10 11:15:00,49817.96882199992
2023-01-10 11:30:00,49777.438821999924
2023-01-10 11:45:00,49760.06882199992
2023-01-10 12:00:00,49868.14882199992
2023-01-10 12:15:00,49852.70882199992
2023-01-10 12:30:00,50030.268821999925
2023-01-10 12:45:00,50088.16882199992
2023-01-10 13:00:00,50063.078821999916
2023-01-10 13:15:00,50061.110221999916
2023-01-10 13:30:00,50119.048821999924
2023-01-10 13:45:00,50279.23882199992
2023-01-10 14:00:00,50362.22882199992
2023-01-10 14:15:00,50331.81202199992
2023-01-10 14:30:00,50232.91882199992
2023-01-10 14:45:00,50236.77882199993
2023-01-10 15:00:00,50202.03882199992
2023-01-10 15:15:00,50250.28882199992
2023-01-10 15:30:00,50231.06602199992
2023-01-10 15:45:00,50481.88882199992
2023-01-10 16:00:00,50447.14882199992
2023-01-11 09:30:00,50532.06882199992
2023-01-11 09:45:00,50531.33542199992
2023-01-11 10:00:00,50717.34882199993
2023-01-11 10:15:00,50972.10882199992
2023-01-11 10:30:00,50690.328821999916
2023-01-11 10:45:00,50761.73882199992
2023-01-11 11:00:00,50824.695421999924
2023-01-11 11:15:00,50842.798821999924
2023-01-11 11:30:00,50977.89882199992
2023-01-11 11:45:00,51076.328821999916
2023-01-11 12:00:00,51184.40882199992
2023-01-11 12:15:00,51273.188821999924
2023-01-11 12:30:00,51195.98882199992
2023-01-11 12:45:00,51253.88882199992
2023-01-11 13:00:00,51380.26522199992
2023-01-11 13:15:00,51273.188821999924
2023-01-11 13:30:00,51145.84742199992
2023-01-11 13:45:00,51118.82742199992
2023-01-11 14:00:00,51109.13882199992
2023-01-11 14:15:00,51120.71882199992
2023-01-11 14:30:00,51273.49762199992
2023-01-11 14:45:00,51168.93022199992
2023-01-11 15:00:00,51277.048821999924
2023-01-11 15:15:00,51320.20362199991
2023-01-11 15:30:00,51325.298821999924
2023-01-11 15:45:00,51535.66882199992
2023-01-11 16:00:00,51531.80882199992
2023-01-12 09:30:00,51014.56882199992
2023-01-12 09:45:00,51080.188821999924
2023-01-12 10:00:00,51489.34882199993
2023-01-12 10:15:00,51338.924621999926
2023-01-12 10:30:00,51195.98882199992
2023-01-12 10:45:00,51136.15882199992
2023-01-12 11:00:00,51250.02882199993
2023-01-12 11:15:00,51124.578821999916
2023-01-12 11:30:00,51292.48882199992
2023-01-12 11:45:00,51381.268821999925
2023-01-12 12:00:00,51462.40602199992
2023-01-12 12:15:00,51221.040221999916
2023-01-12 12:30:00,51221.040221999916
2023-01-12 12:45:00,51221.040221999916
2023-01-12 13:00:00,51221.040221999916
2023-01-12 13:15:00,51221.040221999916
2023-01-12 13:30:00,51221.040221999916
2023-01-12 13:45:00,51221.040221999916
2023-01-12 14:00:00,51221.040221999916
2023-01-12 14:15:00,51221.040221999916
2023-01-12 14:30:00,51221.040221999916
2023-01-12 14:45:00,51221.040221999916
2023-01-12 15:00:00,51221.040221999916
2023-01-12 15:15:00,51221.040221999916
2023-01-12 15:30:00,51221.040221999916
2023-01-12 15:45:00,51221.040221999916
2023-01-12 16:00:00,51221.040221999916
2023-01-13 09:30:00,51221.040221999916
2023-01-13 09:45:00,51221.040221999916
2023-01-13 10:00:00,51221.040221999916
2023-01-13 10:15:00,51221.040221999916
2023-01-13 10:30:00,51221.040221999916
2023-01-13 10:45:00,51221.040221999916
2023-01-13 11:00:00,51221.040221999916
2023-01-13 11:15:00,51221.040221999916
2023-01-13 11:30:00,51221.040221999916
2023-01-13 11:45:00,51221.040221999916
2023-01-13 12:00:00,51221.040221999916
2023-01-13 12:15:00,51221.040221999916
2023-01-13 12:30:00,51221.040221999916
2023-01-13 12:45:00,51221.040221999916
2023-01-13 13:00:00,51221.040221999916
2023-01-13 13:15:00,51221.040221999916
2023-01-13 13:30:00,51221.040221999916
2023-01-13 13:45:00,51221.040221999916
2023-01-13 14:00:00,51221.040221999916
2023-01-13 14:15:00,51221.040221999916
2023-01-13 14:30:00,51221.040221999916
2023-01-13 14:45:00,51221.040221999916
2023-01-13 15:00:00,51221.040221999916
2023-01-13 15:15:00,51221.040221999916
2023-01-13 15:30:00,51221.040221999916
2023-01-13 15:45:00,51221.040221999916
2023-01-13 16:00:00,51221.040221999916
2023-01-17 09:30:00,51221.040221999916
2023-01-17 09:45:00,51221.040221999916
2023-01-17 10:00:00,51221.040221999916
2023-01-17 10:15:00,51221.040221999916
2023-01-17 10:30:00,51221.040221999916
2023-01-17 10:45:00,51221.040221999916
2023-01-17 11:00:00,51221.040221999916
2023-01-17 11:15:00,51221.040221999916
2023-01-17 11:30:00,51221.040221999916
2023-01-17 11:45:00,51221.040221999916
2023-01-17 12:00:00,51221.040221999916
2023-01-17 12:15:00,51221.040221999916
2023-01-17 12:30:00,51221.040221999916
2023-01-17 12:45:00,51221.040221999916
2023-01-17 13:00:00,51221.040221999916
2023-01-17 13:15:00,51221.040221999916
2023-01-17 13:30:00,51221.040221999916
2023-01-17 13:45:00,51221.040221999916
2023-01-17 14:00:00,51221.040221999916
2023-01-17 14:15:00,51221.040221999916
2023-01-17 14:30:00,51221.040221999916
2023-01-17 14:45:00,51221.040221999916
2023-01-17 15:00:00,51221.040221999916
2023-01-17 15:15:00,51221.040221999916
2023-01-17 15:30:00,51221.040221999916
2023-01-17 15:45:00,51221.040221999916
2023-01-17 16:00:00,51221.040221999916
2023-01-18 09:30:00,51221.040221999916
2023-01-18 09:45:00,51221.040221999916
2023-01-18 10:00:00,51221.040221999916
2023-01-18 10:15:00,51221.040221999916
2023-01-18 10:30:00,51221.040221999916
2023-01-18 10:45:00,51221.040221999916
2023-01-18 11:00:00,51221.040221999916
2023-01-18 11:15:00,51221.040221999916
2023-01-18 11:30:00,51221.040221999916
2023-01-18 11:45:00,51221.040221999916
2023-01-18 12:00:00,51221.040221999916
2023-01-18 12:15:00,51221.040221999916
2023-01-18 12:30:00,51221.040221999916
2023-01-18 12:45:00,51221.040221999916
2023-01-18 13:00:00,51221.040221999916
2023-01-18 13:15:00,51221.040221999916
2023-01-18 13:30:00,51221.040221999916
2023-01-18 13:45:00,51221.040221999916
2023-01-18 14:00:00,51221.040221999916
2023-01-18 14:15:00,51221.040221999916
2023-01-18 14:30:00,51221.040221999916
2023-01-18 14:45:00,51221.040221999916
2023-01-18 15:00:00,51221.040221999916
2023-01-18 15:15:00,51221.040221999916
2023-01-18 15:30:00,51221.040221999916
2023-01-18 15:45:00,51221.040221999916
2023-01-18 16:00:00,51221.040221999916
2023-01-19 09:30:00,51221.040221999916
2023-01-19 09:45:00,51221.040221999916
2023-01-19 10:00:00,51221.040221999916
2023-01-19 10:15:00,51221.040221999916
2023-01-19 10:30:00,51221.040221999916
2023-01-19 10:45:00,51221.040221999916
2023-01-19 11:00:00,51221.040221999916
2023-01-19 11:15:00,51221.040221999916
2023-01-19 11:30:00,51221.040221999916
2023-01-19 11:45:00,51221.040221999916
2023-01-19 12:00:00,51221.040221999916
2023-01-19 12:15:00,51221.040221999916
2023-01-19 12:30:00,51221.040221999916
2023-01-19 12:45:00,51221.040221999916
2023-01-19 13:00:00,51221.040221999916
2023-01-19 13:15:00,51221.040221999916
2023-01-19 13:30:00,51221.040221999916
2023-01-19 13:45:00,51221.040221999916
2023-01-19 14:00:00,51221.040221999916
2023-01-19 14:15:00,51221.040221999916
2023-01-19 14:30:00,51221.040221999916
2023-01-19 14:45:00,51221.040221999916
2023-01-19 15:00:00,51221.040221999916
2023-01-19 15:15:00,51221.040221999916
2023-01-19 15:30:00,51221.040221999916
2023-01-19 15:45:00,51221.040221999916
2023-01-19 16:00:00,51221.040221999916
2023-01-20 09:30:00,51221.040221999916
2023-01-20 09:45:00,51221.040221999916
2023-01-20 10:00:00,51221.040221999916
2023-01-20 10:15:00,51221.040221999916
2023-01-20 10:30:00,51221.040221999916
2023-01-20 10:45:00,51221.040221999916
2023-01-20 11:00:00,51221.040221999916
2023-01-20 11:15:00,51221.040221999916
2023-01-20 11:30:00,51221.040221999916
2023-01-20 11:45:00,51221.040221999916
2023-01-20 12:00:00,51221.040221999916
2023-01-20 12:15:00,51221.040221999916
2023-01-20 12:30:00,51221.040221999916
2023-01-20 12:45:00,51221.040221999916
2023-01-20 13:00:00,51221.040221999916
2023-01-20 13:15:00,51221.040221999916
2023-01-20 13:30:00,51221.040221999916
2023-01-20 13:45:00,51221.040221999916
2023-01-20 14:00:00,51221.040221999916
2023-01-20 14:15:00,51221.040221999916
2023-01-20 14:30:00,51221.040221999916
2023-01-20 14:45:00,51221.040221999916
2023-01-20 15:00:00,51221.040221999916
2023-01-20 15:15:00,51221.040221999916
2023-01-20 15:30:00,51221.040221999916
2023-01-20 15:45:00,51221.040221999916
2023-01-20 16:00:00,51221.040221999916
2023-01-23 09:30:00,51221.040221999916
2023-01-23 09:45:00,51221.040221999916
2023-01-23 10:00:00,51221.040221999916
2023-01-23 10:15:00,51221.040221999916
2023-01-23 10:30:00,50712.98253999992
2023-01-23 10:45:00,50719.29433999992
2023-01-23 11:00:00,51045.33433999992
2023-01-23 11:15:00,51005.62433999992
2023-01-23 11:30:00,51210.44433999992
2023-01-23 11:45:00,51131.024339999916
2023-01-23 12:00:00,51024.455239999916
2023-01-23 12:15:00,51070.41433999992
2023-01-23 12:30:00,51021.048539999916
2023-01-23 12:45:00,51050.55933999992
2023-01-23 13:00:00,51038.87623999992
2023-01-23 13:15:00,51034.88433999992
2023-01-23 13:30:00,51091.31433999992
2023-01-23 13:45:00,50959.64433999992
2023-01-23 14:00:00,50885.992739999914
2023-01-23 14:15:00,50876.04433999992
2023-01-23 14:30:00,50749.59933999991
2023-01-23 14:45:00,50700.484339999915
2023-01-23 15:00:00,50737.05933999992
2023-01-23 15:15:00,50706.75433999992
2023-01-23 15:30:00,50692.12433999992
2023-01-23 15:45:00,50698.39433999992
2023-01-23 16:00:00,50717.204339999924
2023-01-24 09:30:00,50504.024339999916
2023-01-24 09:45:00,50572.99433999992
2023-01-24 10:00:00,50840.514339999914
2023-01-24 10:15:00,50824.83933999992
2023-01-24 10:30:00,50768.40933999992
2023-01-24 10:45:00,50784.08433999992
2023-01-24 11:00:00,50639.916139999914
2023-01-24 11:15:00,50678.53933999992
2023-01-24 11:30:00,50609.31853999991
2023-01-24 11:45:00,50602.92313999992
2023-01-24 12:00:00,50647.52373999992
2023-01-24 12:15:00,50614.79433999992
2023-01-24 12:30:00,50564.63433999992
2023-01-24 12:45:00,50547.91433999992
2023-01-24 13:00:00,50528.05933999992
2023-01-24 13:15:00,50562.54433999992
2023-01-24 13:30:00,50672.26933999992
2023-01-24 13:45:00,50669.76133999992
2023-01-24 14:00:00,50614.79433999992
2023-01-24 14:15:00,50687.94433999992
2023-01-24 14:30:00,50688.98933999992
2023-01-24 14:45:00,50692.12433999992
2023-01-24 15:00:00,50533.28433999992
2023-01-24 15:15:00,50508.204339999924
2023-01-24 15:30:00,50353.35623999992
2023-01-24 15:45:00,50604.344339999916
2023-01-24 16:00:00,52046.46523999992
2023-01-25 09:30:00,52046.46523999992
2023-01-25 09:45:00,52046.46523999992
2023-01-25 10:00:00,52046.46523999992
2023-01-25 10:15:00,52046.46523999992
2023-01-25 10:30:00,52046.46523999992
2023-01-25 10:45:00,52046.46523999992
2023-01-25 11:00:00,52046.46523999992
2023-01-25 11:15:00,52046.46523999992
2023-01-25 11:30:00,52046.46523999992
2023-01-25 11:45:00,52046.46523999992
2023-01-25 12:00:00,52046.46523999992
2023-01-25 12:15:00,52046.46523999992
2023-01-25 12:30:00,52046.46523999992
2023-01-25 12:45:00,52046.46523999992
2023-01-25 13:00:00,52046.46523999992
2023-01-25 13:15:00,52046.46523999992
2023-01-25 13:30:00,51709.008539999915
2023-01-25 13:45:00,51722.218539999914
2023-01-25 14:00:00,51577.19273999991
2023-01-25 14:15:00,51538.65273999992
2023-01-25 14:30:00,51566.352739999915
2023-01-25 14:45:00,51607.94273999991
2023-01-25 15:00:00,51629.962739999915
2023-01-25 15:15:00,51608.23273999992
2023-01-25 15:30:00,51590.247439999905
2023-01-25 15:45:00,51648.342739999905
2023-01-25 16:00:00,51643.5427399999
2023-01-26 09:30:00,51785.962739999915
2023-01-26 09:45:00,51612.07803999992
2023-01-26 10:00:00,51658.97273999991
2023-01-26 10:15:00,51750.52273999991
2023-01-26 10:30:00,51676.66273999991
2023-01-26 10:45:00,51522.97273999991
2023-01-26 11:00:00,51588.90273999992
2023-01-26 11:15:00,51590.26273999992
2023-01-26 11:30:00,51649.072739999916
2023-01-26 11:45:00,51664.02273999991
2023-01-26 12:00:00,51772.81703999991
2023-01-26 12:15:00,51743.01273999992
2023-01-26 12:30:00,51725.492739999914
2023-01-26 12:45:00,51723.93273999992
2023-01-26 13:00:00,51729.462739999915
2023-01-26 13:15:00,51745.84273999992
2023-01-26 13:30:00,51850.22273999991
2023-01-26 13:45:00,51825.54273999992
2023-01-26 14:00:00,51798.492739999914
2023-01-26 14:15:00,51787.212739999915
2023-01-26 14:30:00,51849.67913999992
2023-01-26 14:45:00,51848.65273999992
2023-01-26 15:00:00,51871.51273999992
2023-01-26 15:15:00,51897.36273999991
2023-01-26 15:30:00,51857.17273999991
2023-01-26 15:45:00,51963.14273999991
2023-01-26 16:00:00,51965.18273999992
2023-01-27 09:30:00,52006.97273999991
2023-01-27 09:45:00,51725.002239999914
2023-01-27 10:00:00,51566.82549299991
2023-01-27 10:15:00,51566.82549299991
2023-01-27 10:30:00,51566.82549299991
2023-01-27 10:45:00,51566.82549299991
2023-01-27 11:00:00,51566.82549299991
2023-01-27 11:15:00,51566.82549299991
2023-01-27 11:30:00,51566.82549299991
2023-01-27 11:45:00,51566.82549299991
2023-01-27 12:00:00,51566.82549299991
2023-01-27 12:15:00,51566.82549299991
2023-01-27 12:30:00,51566.82549299991
2023-01-27 12:45:00,51566.82549299991
2023-01-27 13:00:00,51566.82549299991
2023-01-27 13:15:00,51566.82549299991
2023-01-27 13:30:00,51566.82549299991
2023-01-27 13:45:00,51566.82549299991
2023-01-27 14:00:00,51566.82549299991
2023-01-27 14:15:00,51566.82549299991
2023-01-27 14:30:00,51566.82549299991
2023-01-27 14:45:00,51566.82549299991
2023-01-27 15:00:00,51566.82549299991
2023-01-27 15:15:00,51566.82549299991
2023-01-27 15:30:00,51566.82549299991
2023-01-27 15:45:00,51566.82549299991
2023-01-27 16:00:00,51566.82549299991
2023-01-30 09:30:00,51566.82549299991
2023-01-30 09:45:00,51566.82549299991
2023-01-30 10:00:00,51566.82549299991
2023-01-30 10:15:00,51566.82549299991
2023-01-30 10:30:00,51566.82549299991
2023-01-30 10:45:00,51566.82549299991
2023-01-30 11:00:00,51566.82549299991
2023-01-30 11:15:00,51566.82549299991
2023-01-30 11:30:00,51566.82549299991
2023-01-30 11:45:00,51566.82549299991
2023-01-30 12:00:00,51566.82549299991
2023-01-30 12:15:00,51566.82549299991
2023-01-30 12:30:00,51566.82549299991
2023-01-30 12:45:00,51566.82549299991
2023-01-30 13:00:00,51566.82549299991
2023-01-30 13:15:00,51566.82549299991
2023-01-30 13:30:00,51566.82549299991
2023-01-30 13:45:00,51566.82549299991
2023-01-30 14:00:00,51566.82549299991
2023-01-30 14:15:00,51566.82549299991
2023-01-30 14:30:00,51566.82549299991
2023-01-30 14:45:00,51566.82549299991
2023-01-30 15:00:00,51566.82549299991
2023-01-30 15:15:00,51566.82549299991
2023-01-30 15:30:00,51566.82549299991
2023-01-30 15:45:00,51566.82549299991
2023-01-30 16:00:00,51566.82549299991
2023-01-31 09:30:00,51566.82549299991
2023-01-31 09:45:00,51566.82549299991
2023-01-31 10:00:00,51566.82549299991
2023-01-31 10:15:00,51566.82549299991
2023-01-31 10:30:00,51566.82549299991
2023-01-31 10:45:00,51566.82549299991
2023-01-31 11:00:00,51566.82549299991
2023-01-31 11:15:00,51566.82549299991
2023-01-31 11:30:00,51566.82549299991
2023-01-31 11:45:00,51566.82549299991
2023-01-31 12:00:00,51566.82549299991
2023-01-31 12:15:00,51566.82549299991
2023-01-31 12:30:00,51566.82549299991
2023-01-31 12:45:00,51566.82549299991
2023-01-31 13:00:00,51566.82549299991
2023-01-31 13:15:00,51566.82549299991
2023-01-31 13:30:00,51566.82549299991
2023-01-31 13:45:00,51566.82549299991
2023-01-31 14:00:00,51566.82549299991
2023-01-31 14:15:00,51566.82549299991
2023-01-31 14:30:00,51566.82549299991
2023-01-31 14:45:00,51566.82549299991
2023-01-31 15:00:00,51566.82549299991
2023-01-31 15:15:00,51566.82549299991
2023-01-31 15:30:00,51566.82549299991
2023-01-31 15:45:00,51566.82549299991
2023-01-31 16:00:00,51566.82549299991
2023-02-01 09:30:00,51566.82549299991
2023-02-01 09:45:00,51566.82549299991
2023-02-01 10:00:00,51566.82549299991
2023-02-01 10:15:00,51566.82549299991
2023-02-01 10:30:00,51566.82549299991
2023-02-01 10:45:00,51566.82549299991
2023-02-01 11:00:00,51566.82549299991
2023-02-01 11:15:00,51566.82549299991
2023-02-01 11:30:00,51566.82549299991
2023-02-01 11:45:00,51566.82549299991
2023-02-01 12:00:00,51566.82549299991
2023-02-01 12:15:00,51566.82549299991
2023-02-01 12:30:00,51566.82549299991
2023-02-01 12:45:00,51566.82549299991
2023-02-01 13:00:00,51566.82549299991
2023-02-01 13:15:00,51566.82549299991
2023-02-01 13:30:00,51566.82549299991
2023-02-01 13:45:00,51566.82549299991
2023-02-01 14:00:00,51566.82549299991
2023-02-01 14:15:00,51566.82549299991
2023-02-01 14:30:00,51566.82549299991
2023-02-01 14:45:00,51566.82549299991
2023-02-01 15:00:00,51566.82549299991
2023-02-01 15:15:00,51566.82549299991
2023-02-01 15:30:00,51566.82549299991
2023-02-01 15:45:00,51566.82549299991
2023-02-01 16:00:00,51566.82549299991
2023-02-02 09:30:00,51566.82549299991
2023-02-02 09:45:00,51566.82549299991
2023-02-02 10:00:00,51566.82549299991
2023-02-02 10:15:00,51566.82549299991
2023-02-02 10:30:00,51566.82549299991
2023-02-02 10:45:00,51566.82549299991
2023-02-02 11:00:00,51566.82549299991
2023-02-02 11:15:00,51566.82549299991
2023-02-02 11:30:00,51566.82549299991
2023-02-02 11:45:00,51566.82549299991
2023-02-02 12:00:00,51566.82549299991
2023-02-02 12:15:00,51566.82549299991
2023-02-02 12:30:00,51566.82549299991
2023-02-02 12:45:00,51566.82549299991
2023-02-02 13:00:00,51566.82549299991
2023-02-02 13:15:00,51566.82549299991
2023-02-02 13:30:00,51566.82549299991
2023-02-02 13:45:00,51566.82549299991
2023-02-02 14:00:00,51566.82549299991
2023-02-02 14:15:00,51566.82549299991
2023-02-02 14:30:00,51566.82549299991
2023-02-02 14:45:00,51566.82549299991
2023-02-02 15:00:00,51566.82549299991
2023-02-02 15:15:00,51566.82549299991
2023-02-02 15:30:00,51566.82549299991
2023-02-02 15:45:00,51566.82549299991
2023-02-02 16:00:00,51566.82549299991
2023-02-03 09:30:00,51566.82549299991
2023-02-03 09:45:00,51566.82549299991
2023-02-03 10:00:00,51566.82549299991
2023-02-03 10:15:00,51566.82549299991
2023-02-03 10:30:00,51566.82549299991
2023-02-03 10:45:00,51566.82549299991
2023-02-03 11:00:00,51566.82549299991
2023-02-03 11:15:00,51566.82549299991
2023-02-03 11:30:00,51566.82549299991
2023-02-03 11:45:00,51566.82549299991
2023-02-03 12:00:00,51566.82549299991
2023-02-03 12:15:00,51566.82549299991
2023-02-03 12:30:00,51566.82549299991
2023-02-03 12:45:00,51566.82549299991
2023-02-03 13:00:00,51566.82549299991
2023-02-03 13:15:00,51566.82549299991
2023-02-03 13:30:00,51566.82549299991
2023-02-03 13:45:00,51566.82549299991
2023-02-03 14:00:00,51566.82549299991
2023-02-03 14:15:00,51566.82549299991
2023-02-03 14:30:00,51566.82549299991
2023-02-03 14:45:00,51566.82549299991
2023-02-03 15:00:00,51566.82549299991
2023-02-03 15:15:00,51566.82549299991
2023-02-03 15:30:00,51566.82549299991
2023-02-03 15:45:00,51566.82549299991
2023-02-03 16:00:00,51566.82549299991
2023-02-06 09:30:00,51566.82549299991
2023-02-06 09:45:00,51566.82549299991
2023-02-06 10:00:00,51566.82549299991
2023-02-06 10:15:00,51566.82549299991
2023-02-06 10:30:00,51566.82549299991
2023-02-06 10:45:00,51566.82549299991
2023-02-06 11:00:00,51566.82549299991
2023-02-06 11:15:00,51566.82549299991
2023-02-06 11:30:00,51566.82549299991
2023-02-06 11:45:00,51566.82549299991
2023-02-06 12:00:00,51566.82549299991
2023-02-06 12:15:00,51566.82549299991
2023-02-06 12:30:00,51566.82549299991
2023-02-06 12:45:00,51566.82549299991
2023-02-06 13:00:00,51566.82549299991
2023-02-06 13:15:00,51566.82549299991
2023-02-06 13:30:00,51566.82549299991
2023-02-06 13:45:00,51566.82549299991
2023-02-06 14:00:00,51566.82549299991
2023-02-06 14:15:00,51566.82549299991
2023-02-06 14:30:00,51566.82549299991
2023-02-06 14:45:00,51566.82549299991
2023-02-06 15:00:00,51566.82549299991
2023-02-06 15:15:00,51566.82549299991
2023-02-06 15:30:00,51566.82549299991
2023-02-06 15:45:00,51566.82549299991
2023-02-06 16:00:00,51566.82549299991
2023-02-07 09:30:00,51566.82549299991
2023-02-07 09:45:00,51566.82549299991
2023-02-07 10:00:00,51566.82549299991
2023-02-07 10:15:00,51566.82549299991
2023-02-07 10:30:00,51566.82549299991
2023-02-07 10:45:00,51566.82549299991
2023-02-07 11:00:00,51566.82549299991
2023-02-07 11:15:00,51566.82549299991
2023-02-07 11:30:00,51566.82549299991
2023-02-07 11:45:00,51566.82549299991
2023-02-07 12:00:00,51566.82549299991
2023-02-07 12:15:00,51566.82549299991
2023-02-07 12:30:00,51566.82549299991
2023-02-07 12:45:00,51566.82549299991
2023-02-07 13:00:00,51566.82549299991
2023-02-07 13:15:00,51566.82549299991
2023-02-07 13:30:00,51566.82549299991
2023-02-07 13:45:00,51566.82549299991
2023-02-07 14:00:00,51566.82549299991
2023-02-07 14:15:00,51566.82549299991
2023-02-07 14:30:00,51566.82549299991
2023-02-07 14:45:00,51566.82549299991
2023-02-07 15:00:00,51566.82549299991
2023-02-07 15:15:00,51566.82549299991
2023-02-07 15:30:00,51566.82549299991
2023-02-07 15:45:00,51566.82549299991
2023-02-07 16:00:00,51566.82549299991
2023-02-08 09:30:00,51566.82549299991
2023-02-08 09:45:00,51566.82549299991
2023-02-08 10:00:00,51566.82549299991
2023-02-08 10:15:00,51566.82549299991
2023-02-08 10:30:00,51566.82549299991
2023-02-08 10:45:00,51058.078192999914
2023-02-08 11:00:00,50998.478192999915
2023-02-08 11:15:00,50883.003192999924
2023-02-08 11:30:00,50818.18819299992
2023-02-08 11:45:00,50915.03819299992
2023-02-08 12:00:00,50868.84819299992
2023-02-08 12:15:00,50975.97919299992
2023-02-08 12:30:00,50903.11819299992
2023-02-08 12:45:00,51001.45819299992
2023-02-08 13:00:00,51049.13819299991
2023-02-08 13:15:00,51014.86819299992
2023-02-08 13:30:00,50994.008192999914
2023-02-08 13:45:00,50988.04819299992
2023-02-08 14:00:00,50984.56159299991
2023-02-08 14:15:00,50913.54819299992
2023-02-08 14:30:00,50856.92819299992
2023-02-08 14:45:00,50909.078192999914
2023-02-08 15:00:00,50791.36819299992
2023-02-08 15:15:00,50843.518192999916
2023-02-08 15:30:00,50885.23819299992
2023-02-08 15:45:00,50859.908192999916
2023-02-08 16:00:00,50847.98819299992
2023-02-09 09:30:00,51216.018192999916
2023-02-09 09:45:00,51201.11819299992
2023-02-09 10:00:00,51226.44819299992
2023-02-09 10:15:00,51162.378192999924
2023-02-09 10:30:00,51163.86819299992
2023-02-09 10:45:00,51198.13819299991
2023-02-09 11:00:00,51102.77819299992
2023-02-09 11:15:00,51005.92819299992
2023-02-09 11:30:00,50992.81619299992
2023-02-09 11:45:00,50976.128192999924
2023-02-09 12:00:00,51023.808192999924
2023-02-09 12:15:00,50958.24819299992
2023-02-09 12:30:00,50785.408192999916
2023-02-09 12:45:00,50791.36819299992
2023-02-09 13:00:00,50755.60819299992
2023-02-09 13:15:00,50743.68819299992
2023-02-09 13:30:00,50718.35819299992
2023-02-09 13:45:00,50727.14919299992
2023-02-09 14:00:00,50679.61819299992
2023-02-09 14:15:00,50611.078192999914
2023-02-09 14:30:00,50643.85819299992
2023-02-09 14:45:00,50606.60819299992
2023-02-09 15:00:00,50517.953192999914
2023-02-09 15:15:00,50463.56819299991
2023-02-09 15:30:00,50503.79819299992
2023-02-09 15:45:00,50513.48319299992
2023-02-09 16:00:00,50499.328192999914
2023-02-10 09:30:00,50419.18109299992
2023-02-10 09:45:00,50469.52819299992
2023-02-10 10:00:00,50582.768192999916
2023-02-10 10:15:00,50605.11819299992
2023-02-10 10:30:00,50569.35819299992
2023-02-10 10:45:00,50548.49819299992
2023-02-10 11:00:00,50608.09819299992
2023-02-10 11:15:00,50626.872192999916
2023-02-10 11:30:00,50622.99819299992
2023-02-10 11:45:00,50093.21522199992
2023-02-10 12:00:00,50093.21522199992
2023-02-10 12:15:00,50093.21522199992
2023-02-10 12:30:00,50093.21522199992
2023-02-10 12:45:00,50093.21522199992
2023-02-10 13:00:00,50093.21522199992
2023-02-10 13:15:00,50093.21522199992
2023-02-10 13:30:00,50093.21522199992
2023-02-10 13:45:00,50093.21522199992
2023-02-10 14:00:00,50093.21522199992
2023-02-10 14:15:00,50093.21522199992
2023-02-10 14:30:00,50093.21522199992
2023-02-10 14:45:00,50093.21522199992
2023-02-10 15:00:00,50093.21522199992
2023-02-10 15:15:00,50093.21522199992
2023-02-10 15:30:00,50093.21522199992
2023-02-10 15:45:00,50093.21522199992
2023-02-10 16:00:00,50093.21522199992
2023-02-13 09:30:00,50093.21522199992
2023-02-13 09:45:00,50093.21522199992
2023-02-13 10:00:00,50093.21522199992
2023-02-13 10:15:00,50093.21522199992
2023-02-13 10:30:00,50093.21522199992
2023-02-13 10:45:00,50093.21522199992
2023-02-13 11:00:00,50093.21522199992
2023-02-13 11:15:00,50093.21522199992
2023-02-13 11:30:00,50093.21522199992
2023-02-13 11:45:00,50093.21522199992
2023-02-13 12:00:00,50093.21522199992
2023-02-13 12:15:00,50093.21522199992
2023-02-13 12:30:00,50093.21522199992
2023-02-13 12:45:00,50093.21522199992
2023-02-13 13:00:00,50093.21522199992
2023-02-13 13:15:00,50093.21522199992
2023-02-13 13:30:00,50093.21522199992
2023-02-13 13:45:00,50093.21522199992
2023-02-13 14:00:00,50093.21522199992
2023-02-13 14:15:00,50093.21522199992
2023-02-13 14:30:00,49597.05472199992
2023-02-13 14:45:00,49623.15472199992
2023-02-13 15:00:00,49618.079721999915
2023-02-13 15:15:00,49652.15472199992
2023-02-13 15:30:00,49724.65472199992
2023-02-13 15:45:00,49752.204721999915
2023-02-13 16:00:00,49758.00472199992
2023-02-14 09:30:00,49527.454721999915
2023-02-14 09:45:00,49736.25472199992
2023-02-14 10:00:00,49846.121221999914
2023-02-14 10:15:00,49726.10472199992
2023-02-14 10:30:00,49457.85472199992
2023-02-14 10:45:00,49367.95472199992
2023-02-14 11:00:00,49454.954721999915
2023-02-14 11:15:00,49294.00472199992
2023-02-14 11:30:00,49189.60472199992
2023-02-14 11:45:00,49269.354721999924
2023-02-14 12:00:00,49392.83672199991
2023-02-14 12:15:00,49386.80472199992
2023-02-14 12:30:00,49396.95472199992
2023-02-14 12:45:00,49440.45472199992
2023-02-14 13:00:00,49597.05472199992
2023-02-14 13:15:00,49585.45472199992
2023-02-14 13:30:00,49527.454721999915
2023-02-14 13:45:00,49588.35472199992
2023-02-14 14:00:00,49537.65167199991
2023-02-14 14:15:00,49579.74167199992
2023-02-14 14:30:00,49674.03167199992
2023-02-14 14:45:00,49634.15667199992
2023-02-14 15:00:00,49617.47667199991
2023-02-14 15:15:00,49610.246671999914
2023-02-14 15:30:00,49640.771671999915
2023-02-14 15:45:00,49543.576671999916
2023-02-14 16:00:00,49515.98667199992
2023-02-15 09:30:00,49327.606671999914
2023-02-15 09:45:00,49253.09667199991
2023-02-15 10:00:00,49252.716671999915
2023-02-15 10:15:00,49331.326671999916
2023-02-15 10:30:00,49303.711671999925
2023-02-15 10:45:00,49325.55312199991
2023-02-15 11:00:00,49428.503121999915
2023-02-15 11:15:00,49421.253121999915
2023-02-15 11:30:00,49441.55312199992
2023-02-15 11:45:00,49421.253121999915
2023-02-15 12:00:00,49328.45312199992
2023-02-15 12:15:00,49282.85062199992
2023-02-15 12:30:00,49336.42812199991
2023-02-15 12:45:00,49335.70312199991
2023-02-15 13:00:00,49392.253121999915
2023-02-15 13:15:00,49428.503121999915
2023-02-15 13:30:00,49479.253121999915
2023-02-15 13:45:00,49525.65312199991
2023-02-15 14:00:00,49550.30312199992
2023-02-15 14:15:00,49528.53862199991
2023-02-15 14:30:00,49531.45312199991
2023-02-15 14:45:00,49429.95312199992
2023-02-15 15:00:00,49487.95312199991
2023-02-15 15:15:00,49489.40312199991
2023-02-15 15:30:00,49519.85312199992
2023-02-15 15:45:00,49614.10312199991
2023-02-15 16:00:00,49625.70312199991
2023-02-16 09:30:00,49167.64812199991
2023-02-16 09:45:00,49060.20312199991
2023-02-16 10:00:00,49126.91762199991
2023-02-16 10:15:00,49184.903121999916
2023-02-16 10:30:00,49234.20312199991
2023-02-16 10:45:00,49276.253121999915
2023-02-16 11:00:00,49270.29362199991
2023-02-16 11:15:00,49305.253121999915
2023-02-16 11:30:00,49309.60312199991
2023-02-16 11:45:00,49324.10312199991
2023-02-16 12:00:00,49367.60312199991
2023-02-16 12:15:00,49386.45312199991
2023-02-16 12:30:00,49456.03862199991
2023-02-16 12:45:00,49427.03862199991
2023-02-16 13:00:00,49403.85312199991
2023-02-16 13:15:00,49366.153121999916
2023-02-16 13:30:00,49432.85312199991
2023-02-16 13:45:00,49406.753121999915
2023-02-16 14:00:00,49444.45312199991
2023-02-16 14:15:00,49482.153121999916
2023-02-16 14:30:00,49451.471121999915
2023-02-16 14:45:00,49422.70312199991
2023-02-16 15:00:00,49325.55312199991
2023-02-16 15:15:00,49158.80312199992
2023-02-16 15:30:00,49113.85312199991
2023-02-16 15:45:00,49000.753121999915
2023-02-16 16:00:00,48493.297121999916
2023-02-17 09:30:00,48493.297121999916
2023-02-17 09:45:00,48493.297121999916
2023-02-17 10:00:00,48493.297121999916
2023-02-17 10:15:00,48493.297121999916
2023-02-17 10:30:00,48493.297121999916
2023-02-17 10:45:00,48493.297121999916
2023-02-17 11:00:00,48493.297121999916
2023-02-17 11:15:00,48493.297121999916
2023-02-17 11:30:00,48493.297121999916
2023-02-17 11:45:00,48493.297121999916
2023-02-17 12:00:00,48493.297121999916
2023-02-17 12:15:00,48493.297121999916
2023-02-17 12:30:00,48493.297121999916
2023-02-17 12:45:00,48493.297121999916
2023-02-17 13:00:00,48493.297121999916
2023-02-17 13:15:00,48493.297121999916
2023-02-17 13:30:00,48493.297121999916
2023-02-17 13:45:00,48493.297121999916
2023-02-17 14:00:00,48493.297121999916
2023-02-17 14:15:00,48493.297121999916
2023-02-17 14:30:00,48493.297121999916
2023-02-17 14:45:00,48493.297121999916
2023-02-17 15:00:00,48493.297121999916
2023-02-17 15:15:00,48493.297121999916
2023-02-17 15:30:00,48493.297121999916
2023-02-17 15:45:00,48493.297121999916
2023-02-17 16:00:00,48493.297121999916
2023-02-21 09:30:00,48493.297121999916
2023-02-21 09:45:00,48493.297121999916
2023-02-21 10:00:00,48493.297121999916
2023-02-21 10:15:00,48493.297121999916
2023-02-21 10:30:00,48493.297121999916
2023-02-21 10:45:00,48493.297121999916
2023-02-21 11:00:00,48493.297121999916
2023-02-21 11:15:00,48493.297121999916
2023-02-21 11:30:00,48493.297121999916
2023-02-21 11:45:00,48493.297121999916
2023-02-21 12:00:00,48493.297121999916
2023-02-21 12:15:00,48493.297121999916
2023-02-21 12:30:00,48493.297121999916
2023-02-21 12:45:00,48493.297121999916
2023-02-21 13:00:00,48493.297121999916
2023-02-21 13:15:00,48493.297121999916
2023-02-21 13:30:00,48493.297121999916
2023-02-21 13:45:00,48493.297121999916
2023-02-21 14:00:00,48493.297121999916
2023-02-21 14:15:00,48493.297121999916
2023-02-21 14:30:00,48493.297121999916
2023-02-21 14:45:00,48493.297121999916
2023-02-21 15:00:00,48493.297121999916
2023-02-21 15:15:00,48493.297121999916
2023-02-21 15:30:00,48493.297121999916
2023-02-21 15:45:00,48493.297121999916
2023-02-21 16:00:00,48493.297121999916
2023-02-22 09:30:00,48493.297121999916
2023-02-22 09:45:00,48493.297121999916
2023-02-22 10:00:00,48493.297121999916
2023-02-22 10:15:00,48493.297121999916
2023-02-22 10:30:00,48493.297121999916
2023-02-22 10:45:00,48493.297121999916
2023-02-22 11:00:00,48493.297121999916
2023-02-22 11:15:00,48493.297121999916
2023-02-22 11:30:00,48493.297121999916
2023-02-22 11:45:00,48493.297121999916
2023-02-22 12:00:00,48493.297121999916
2023-02-22 12:15:00,48493.297121999916
2023-02-22 12:30:00,48493.297121999916
2023-02-22 12:45:00,48493.297121999916
2023-02-22 13:00:00,48493.297121999916
2023-02-22 13:15:00,48493.297121999916
2023-02-22 13:30:00,48493.297121999916
2023-02-22 13:45:00,48493.297121999916
2023-02-22 14:00:00,48493.297121999916
2023-02-22 14:15:00,48493.297121999916
2023-02-22 14:30:00,48493.297121999916
2023-02-22 14:45:00,48493.297121999916
2023-02-22 15:00:00,48493.297121999916
2023-02-22 15:15:00,48493.297121999916
2023-02-22 15:30:00,48493.297121999916
2023-02-22 15:45:00,48493.297121999916
2023-02-22 16:00:00,48493.297121999916
2023-02-23 09:30:00,48493.297121999916
2023-02-23 09:45:00,48493.297121999916
2023-02-23 10:00:00,48493.297121999916
2023-02-23 10:15:00,48493.297121999916
2023-02-23 10:30:00,48493.297121999916
2023-02-23 10:45:00,48493.297121999916
2023-02-23 11:00:00,48493.297121999916
2023-02-23 11:15:00,48493.297121999916
2023-02-23 11:30:00,48493.297121999916
2023-02-23 11:45:00,48493.297121999916
2023-02-23 12:00:00,48493.297121999916
2023-02-23 12:15:00,48493.297121999916
2023-02-23 12:30:00,48493.297121999916
2023-02-23 12:45:00,48493.297121999916
2023-02-23 13:00:00,48493.297121999916
2023-02-23 13:15:00,48493.297121999916
2023-02-23 13:30:00,48493.297121999916
2023-02-23 13:45:00,48493.297121999916
2023-02-23 14:00:00,48493.297121999916
2023-02-23 14:15:00,48493.297121999916
2023-02-23 14:30:00,48493.297121999916
2023-02-23 14:45:00,48493.297121999916
2023-02-23 15:00:00,48493.297121999916
2023-02-23 15:15:00,48493.297121999916
2023-02-23 15:30:00,48493.297121999916
2023-02-23 15:45:00,48493.297121999916
2023-02-23 16:00:00,48493.297121999916
2023-02-24 09:30:00,48493.297121999916
2023-02-24 09:45:00,48493.297121999916
2023-02-24 10:00:00,48493.297121999916
2023-02-24 10:15:00,48493.297121999916
2023-02-24 10:30:00,48493.297121999916
2023-02-24 10:45:00,48493.297121999916
2023-02-24 11:00:00,48493.297121999916
2023-02-24 11:15:00,48493.297121999916
2023-02-24 11:30:00,48493.297121999916
2023-02-24 11:45:00,48493.297121999916
2023-02-24 12:00:00,48493.297121999916
2023-02-24 12:15:00,48493.297121999916
2023-02-24 12:30:00,48493.297121999916
2023-02-24 12:45:00,48493.297121999916
2023-02-24 13:00:00,48493.297121999916
2023-02-24 13:15:00,48493.297121999916
2023-02-24 13:30:00,48493.297121999916
2023-02-24 13:45:00,48493.297121999916
2023-02-24 14:00:00,48493.297121999916
2023-02-24 14:15:00,48493.297121999916
2023-02-24 14:30:00,48493.297121999916
2023-02-24 14:45:00,48493.297121999916
2023-02-24 15:00:00,48493.297121999916
2023-02-24 15:15:00,48493.297121999916
2023-02-24 15:30:00,48493.297121999916
2023-02-24 15:45:00,48493.297121999916
2023-02-24 16:00:00,48493.297121999916
2023-02-27 09:30:00,48493.297121999916
2023-02-27 09:45:00,48493.297121999916
2023-02-27 10:00:00,48493.297121999916
2023-02-27 10:15:00,48493.297121999916
2023-02-27 10:30:00,48493.297121999916
2023-02-27 10:45:00,48493.297121999916
2023-02-27 11:00:00,48493.297121999916
2023-02-27 11:15:00,48493.297121999916
2023-02-27 11:30:00,48493.297121999916
2023-02-27 11:45:00,48493.297121999916
2023-02-27 12:00:00,48493.297121999916
2023-02-27 12:15:00,48493.297121999916
2023-02-27 12:30:00,48493.297121999916
2023-02-27 12:45:00,48493.297121999916
2023-02-27 13:00:00,48493.297121999916
2023-02-27 13:15:00,48493.297121999916
2023-02-27 13:30:00,48493.297121999916
2023-02-27 13:45:00,48493.297121999916
2023-02-27 14:00:00,48493.297121999916
2023-02-27 14:15:00,48493.297121999916
2023-02-27 14:30:00,48493.297121999916
2023-02-27 14:45:00,48493.297121999916
2023-02-27 15:00:00,48493.297121999916
2023-02-27 15:15:00,48493.297121999916
2023-02-27 15:30:00,48493.297121999916
2023-02-27 15:45:00,48493.297121999916
2023-02-27 16:00:00,48493.297121999916
2023-02-28 09:30:00,48493.297121999916
2023-02-28 09:45:00,48493.297121999916
2023-02-28 10:00:00,48493.297121999916
2023-02-28 10:15:00,48493.297121999916
2023-02-28 10:30:00,48493.297121999916
2023-02-28 10:45:00,48493.297121999916
2023-02-28 11:00:00,48493.297121999916
2023-02-28 11:15:00,48493.297121999916
2023-02-28 11:30:00,48493.297121999916
2023-02-28 11:45:00,48493.297121999916
2023-02-28 12:00:00,48493.297121999916
2023-02-28 12:15:00,48493.297121999916
2023-02-28 12:30:00,48493.297121999916
2023-02-28 12:45:00,48493.297121999916
2023-02-28 13:00:00,48493.297121999916
2023-02-28 13:15:00,48493.297121999916
2023-02-28 13:30:00,48012.89072199992
2023-02-28 13:45:00,48026.490721999915
2023-02-28 14:00:00,48096.82992199992
2023-02-28 14:15:00,48116.46832199991
2023-02-28 14:30:00,48178.810721999915
2023-02-28 14:45:00,48299.85072199992
2023-02-28 15:00:00,48346.09072199991
2023-02-28 15:15:00,48301.210721999916
2023-02-28 15:30:00,48110.810721999915
2023-02-28 15:45:00,47683.770721999914
2023-02-28 16:00:00,47586.01392199992
2023-03-01 09:30:00,47691.93072199992
2023-03-01 09:45:00,48132.57072199992
2023-03-01 10:00:00,48121.69072199992
2023-03-01 10:15:00,48102.65072199991
2023-03-01 10:30:00,48405.46832199991
2023-03-01 10:45:00,48246.810721999915
2023-03-01 11:00:00,48094.490721999915
2023-03-01 11:15:00,48078.17072199992
2023-03-01 11:30:00,48197.85072199992
2023-03-01 11:45:00,48344.73072199992
2023-03-01 12:00:00,48319.62512199992
2023-03-01 12:15:00,48208.73072199992
2023-03-01 12:30:00,48154.33072199991
2023-03-01 12:45:00,48116.25072199992
2023-03-01 13:00:00,48012.86352199992
2023-03-01 13:15:00,47830.65072199991
2023-03-01 13:30:00,47837.450721999914
2023-03-01 13:45:00,47819.770721999914
2023-03-01 14:00:00,47705.530721999916
2023-03-01 14:15:00,47751.770721999914
2023-03-01 14:30:00,47765.37072199992
2023-03-01 14:45:00,47583.130721999914
2023-03-01 15:00:00,47498.810721999915
2023-03-01 15:15:00,47434.31952199992
2023-03-01 15:30:00,47504.25072199992
2023-03-01 15:45:00,47281.210721999916
2023-03-01 16:00:00,47327.450721999914
2023-03-02 09:30:00,47158.810721999915
2023-03-02 09:45:00,47115.29072199992
2023-03-02 10:00:00,47069.05072199992
2023-03-02 10:15:00,46973.85072199992
2023-03-02 10:30:00,46889.31312199992
2023-03-02 10:45:00,47150.65072199991
2023-03-02 11:00:00,47093.476321999915
2023-03-02 11:15:00,47143.42912199992
2023-03-02 11:30:00,47127.12912199992
2023-03-02 11:45:00,47004.759121999916
2023-03-02 12:00:00,47078.189121999916
2023-03-02 12:15:00,47108.09912199993
2023-03-02 12:30:00,47071.66112199992
2023-03-02 12:45:00,47198.86552199992
2023-03-02 13:00:00,47206.04932199992
2023-03-02 13:15:00,47154.329121999916
2023-03-02 13:30:00,47280.899121999915
2023-03-02 13:45:00,47423.82912199992
2023-03-02 14:00:00,47388.42252199992
2023-03-02 14:15:00,47466.08352199992
2023-03-02 14:30:00,47431.97912199992
2023-03-02 14:45:00,47472.80912199991
2023-03-02 15:00:00,47332.71912199992
2023-03-02 15:15:00,47358.59912199991
2023-03-02 15:30:00,47633.37912199992
2023-03-02 15:45:00,47578.89912199992
2023-03-02 16:00:00,47578.909121999925
2023-03-03 09:30:00,48391.61232199992
2023-03-03 09:45:00,48391.71232199992
2023-03-03 10:00:00,48391.64272199992
2023-03-03 10:15:00,48391.761121999916
2023-03-03 10:30:00,48391.69232199992
2023-03-03 10:45:00,48391.56232199992
2023-03-03 11:00:00,48391.61232199992
2023-03-03 11:15:00,48391.69232199992
2023-03-03 11:30:00,48391.732321999916
2023-03-03 11:45:00,48391.79372199992
2023-03-03 12:00:00,48391.77232199992
2023-03-03 12:15:00,47915.02992199992
2023-03-03 12:30:00,47923.62992199992
2023-03-03 12:45:00,47985.13992199993
2023-03-03 13:00:00,48019.15032199993
2023-03-03 13:15:00,48003.420321999925
2023-03-03 13:30:00,47974.82032199993
2023-03-03 13:45:00,47987.69032199992
2023-03-03 14:00:00,48034.18777199992
2023-03-03 14:15:00,48068.65267199992
2023-03-03 14:30:00,48063.036071999915
2023-03-03 14:45:00,48083.79277199991
2023-03-03 15:00:00,48108.22277199992
2023-03-03 15:15:00,48110.86257199991
2023-03-03 15:30:00,48095.677771999915
2023-03-03 15:45:00,48134.36277199992
2023-03-03 16:00:00,48148.61277199992
2023-03-06 09:30:00,48239.72277199993
2023-03-06 09:45:00,48220.380771999924
2023-03-06 10:00:00,48319.60027199992
2023-03-06 10:15:00,48292.430271999925
2023-03-06 10:30:00,48356.78027199992
2023-03-06 10:45:00,48280.990271999915
2023-03-06 11:00:00,48320.00320399991
2023-03-06 11:15:00,48249.46640399991
2023-03-06 11:30:00,48278.76030399992
2023-03-06 11:45:00,48306.28670399992
2023-03-06 12:00:00,48355.02790399992
2023-03-06 12:15:00,48337.76560399992
2023-03-06 12:30:00,48298.766703999914
2023-03-06 12:45:00,48253.29100399991
2023-03-06 13:00:00,48226.86640399992
2023-03-06 13:15:00,48209.84140399991
2023-03-06 13:30:00,48194.33330399992
2023-03-06 13:45:00,48166.19670399992
2023-03-06 14:00:00,48189.88640399992
2023-03-06 14:15:00,48163.54710399992
2023-03-06 14:30:00,48187.94140399992
2023-03-06 14:45:00,48151.021303999914
2023-03-06 15:00:00,48145.471403999916
2023-03-06 15:15:00,48127.42640399991
2023-03-06 15:30:00,48184.806403999915
2023-03-06 15:45:00,48183.81640399992
2023-03-06 16:00:00,48195.19640399992
2023-03-07 09:30:00,48149.18670399992
2023-03-07 09:45:00,48204.17640399992
2023-03-07 10:00:00,47907.60640399992
2023-03-07 10:15:00,47957.05140399992
2023-03-07 10:30:00,47857.89640399991
2023-03-07 10:45:00,47770.82870399992
2023-03-07 11:00:00,47770.14140399992
2023-03-07 11:15:00,47689.066403999925
2023-03-07 11:30:00,47740.01640399992
2023-03-07 11:45:00,47610.89640399993
2023-03-07 12:00:00,47601.36640399992
2023-03-07 12:15:00,47699.212203999916
2023-03-07 12:30:00,47656.481403999926
2023-03-07 12:45:00,47624.435703999916
2023-03-07 13:00:00,47517.85140399992
2023-03-07 13:15:00,47510.013203999915
2023-03-07 13:30:00,47419.01430399992
2023-03-07 13:45:00,47384.29640399991
2023-03-07 14:00:00,47419.531403999914
2023-03-07 14:15:00,47391.626403999915
2023-03-07 14:30:00,47368.37140399992
2023-03-07 14:45:00,47336.99700399992
2023-03-07 15:00:00,47416.05140399992
2023-03-07 15:15:00,47401.90360399993
2023-03-07 15:30:00,47399.36640399992
2023-03-07 15:45:00,47359.50640399992
2023-03-07 16:00:00,47345.05640399992
2023-03-08 09:30:00,47346.071403999915
2023-03-08 09:45:00,47381.71640399991
2023-03-08 10:00:00,47309.08140399992
2023-03-08 10:15:00,47304.79640399992
2023-03-08 10:30:00,47302.86640399991
2023-03-08 10:45:00,47224.00910399992
2023-03-08 11:00:00,47263.876403999915
2023-03-08 11:15:00,47238.59140399991
2023-03-08 11:30:00,47258.92140399992
2023-03-08 11:45:00,47312.14670399991
2023-03-08 12:00:00,47160.52640399991
2023-03-08 12:15:00,47153.016703999914
2023-03-08 12:30:00,47178.31210399992
2023-03-08 12:45:00,47149.82640399992
2023-03-08 13:00:00,47106.99290399992
2023-03-08 13:15:00,47037.33720399992
2023-03-08 13:30:00,47052.86140399992
2023-03-08 13:45:00,47080.46640399992
2023-03-08 14:00:00,46643.52540399991
2023-03-08 14:15:00,46644.51540399992
2023-03-08 14:30:00,46644.560403999916
2023-03-08 14:45:00,46644.461703999914
2023-03-08 15:00:00,46644.07680399992
2023-03-08 15:15:00,46644.45540399991
2023-03-08 15:30:00,46645.64070399992
2023-03-08 15:45:00,46645.82040399992
2023-03-08 16:00:00,46645.97040399992
2023-03-09 09:30:00,46648.58070399991
2023-03-09 09:45:00,46650.33540399992
2023-03-09 10:00:00,46650.44040399991
2023-03-09 10:15:00,46651.22040399992
2023-03-09 10:30:00,46652.44020399992
2023-03-09 10:45:00,46650.71040399992
2023-03-09 11:00:00,46651.11540399992
2023-03-09 11:15:00,46649.603103999914
2023-03-09 11:30:00,46651.07040399992
2023-03-09 11:45:00,46650.44040399991
2023-03-09 12:00:00,46649.52540399991
2023-03-09 12:15:00,46650.16050399992
2023-03-09 12:30:00,46648.97040399992
2023-03-09 12:45:00,46648.61040399992
2023-03-09 13:00:00,46647.52410399992
2023-03-09 13:15:00,46645.59720399992
2023-03-09 13:30:00,46644.90540399992
2023-03-09 13:45:00,46644.300603999916
2023-03-09 14:00:00,46643.480403999914
2023-03-09 14:15:00,46643.675403999914
2023-03-09 14:30:00,46644.09540399992
2023-03-09 14:45:00,46643.645403999915
2023-03-09 15:00:00,46642.442103999914
2023-03-09 15:15:00,46641.14040399992
2023-03-09 15:30:00,46641.575403999916
2023-03-09 15:45:00,46640.810403999916
2023-03-09 16:00:00,46640.630403999916
2023-03-10 09:30:00,46637.90040399991
2023-03-10 09:45:00,46638.33540399992
2023-03-10 10:00:00,46641.575403999916
2023-03-10 10:15:00,46639.62540399992
2023-03-10 10:30:00,46640.118903999915
2023-03-10 10:45:00,46643.18010399992
2023-03-10 11:00:00,46642.355403999914
2023-03-10 11:15:00,46643.54010399992
2023-03-10 11:30:00,46643.120403999914
2023-03-10 11:45:00,46641.230403999914
2023-03-10 12:00:00,46640.39040399992
2023-03-10 12:15:00,46640.06010399992
2023-03-10 12:30:00,46639.64040399992
2023-03-10 12:45:00,46637.69850399991
2023-03-10 13:00:00,46637.79540399992
2023-03-10 13:15:00,46636.500003999914
2023-03-10 13:30:00,46637.39040399992
2023-03-10 13:45:00,46633.09280399991
2023-03-10 14:00:00,46633.09280399991
2023-03-10 14:15:00,46633.09280399991
2023-03-10 14:30:00,46633.09280399991
2023-03-10 14:45:00,46633.09280399991
2023-03-10 15:00:00,46633.09280399991
2023-03-10 15:15:00,46633.09280399991
2023-03-10 15:30:00,46633.09280399991
2023-03-10 15:45:00,46633.09280399991
2023-03-10 16:00:00,46633.09280399991
2023-03-13 09:30:00,46633.09280399991
2023-03-13 09:45:00,46633.09280399991
2023-03-13 10:00:00,46633.09280399991
2023-03-13 10:15:00,46633.09280399991
2023-03-13 10:30:00,46633.09280399991
2023-03-13 10:45:00,46633.09280399991
2023-03-13 11:00:00,46633.09280399991
2023-03-13 11:15:00,46633.09280399991
2023-03-13 11:30:00,46633.09280399991
2023-03-13 11:45:00,46633.09280399991
2023-03-13 12:00:00,46633.09280399991
2023-03-13 12:15:00,46633.09280399991
2023-03-13 12:30:00,46633.09280399991
2023-03-13 12:45:00,46633.09280399991
2023-03-13 13:00:00,46633.09280399991
2023-03-13 13:15:00,46633.09280399991
2023-03-13 13:30:00,46633.09280399991
2023-03-13 13:45:00,46633.09280399991
2023-03-13 14:00:00,46633.09280399991
2023-03-13 14:15:00,46633.09280399991
2023-03-13 14:30:00,46633.09280399991
2023-03-13 14:45:00,46633.09280399991
2023-03-13 15:00:00,46633.09280399991
2023-03-13 15:15:00,46633.09280399991
2023-03-13 15:30:00,46633.09280399991
2023-03-13 15:45:00,46633.09280399991
2023-03-13 16:00:00,46633.09280399991
2023-03-14 09:30:00,46633.09280399991
2023-03-14 09:45:00,46633.09280399991
2023-03-14 10:00:00,46633.09280399991
2023-03-14 10:15:00,46633.09280399991
2023-03-14 10:30:00,46633.09280399991
2023-03-14 10:45:00,46633.09280399991
2023-03-14 11:00:00,46633.09280399991
2023-03-14 11:15:00,46633.09280399991
2023-03-14 11:30:00,46633.09280399991
2023-03-14 11:45:00,46633.09280399991
2023-03-14 12:00:00,46633.09280399991
2023-03-14 12:15:00,46633.09280399991
2023-03-14 12:30:00,46633.09280399991
2023-03-14 12:45:00,46172.49460399991
2023-03-14 13:00:00,46103.4646039999
2023-03-14 13:15:00,46048.5946039999
2023-03-14 13:30:00,45907.601403999906
2023-03-14 13:45:00,45980.453403999905
2023-03-14 14:00:00,45944.4964039999
2023-03-14 14:15:00,46046.84990399991
2023-03-14 14:30:00,46033.601503999904
2023-03-14 14:45:00,46013.990603999904
2023-03-14 15:00:00,45816.80640399991
2023-03-14 15:15:00,45920.398403999905
2023-03-14 15:30:00,46084.7364039999
2023-03-14 15:45:00,46370.271403999905
2023-03-14 16:00:00,46315.554103999915
2023-03-15 09:30:00,46473.991403999906
2023-03-15 09:45:00,46186.5411039999
2023-03-15 10:00:00,46187.5811039999
2023-03-15 10:15:00,46186.311103999906
2023-03-15 10:30:00,46186.10110399991
2023-03-15 10:45:00,46186.75110399991
2023-03-15 11:00:00,46187.2611039999
2023-03-15 11:15:00,46187.25310399991
2023-03-15 11:30:00,46188.356103999904
2023-03-15 11:45:00,46189.1661039999
2023-03-15 12:00:00,46188.526303999904
2023-03-15 12:15:00,46187.34930399991
2023-03-15 12:30:00,46186.9411039999
2023-03-15 12:45:00,46186.381103999905
2023-03-15 13:00:00,46187.1263039999
2023-03-15 13:15:00,46187.6214039999
2023-03-15 13:30:00,46186.911103999904
2023-03-15 13:45:00,46188.132903999904
2023-03-15 14:00:00,46188.1211039999
2023-03-15 14:15:00,46189.111003999904
2023-03-15 14:30:00,46186.99190299991
2023-03-15 14:45:00,46186.99190299991
2023-03-15 15:00:00,46186.99190299991
2023-03-15 15:15:00,46186.99190299991
2023-03-15 15:30:00,46186.99190299991
2023-03-15 15:45:00,46186.99190299991
2023-03-15 16:00:00,46186.99190299991
2023-03-16 09:30:00,46186.99190299991
2023-03-16 09:45:00,46186.99190299991
2023-03-16 10:00:00,46186.99190299991
2023-03-16 10:15:00,46186.99190299991
2023-03-16 10:30:00,46186.99190299991
2023-03-16 10:45:00,45729.4114229999
2023-03-16 11:00:00,45771.4434229999
2023-03-16 11:15:00,45809.92342299991
2023-03-16 11:30:00,46008.243422999905
2023-03-16 11:45:00,46058.563422999905
2023-03-16 12:00:00,45895.76342299991
2023-03-16 12:15:00,45943.12342299991
2023-03-16 12:30:00,45943.12342299991
2023-03-16 12:45:00,46031.06502299991
2023-03-16 13:00:00,45960.88342299991
2023-03-16 13:15:00,45999.36342299991
2023-03-16 13:30:00,46011.203422999904
2023-03-16 13:45:00,46091.12342299991
2023-03-16 14:00:00,46031.92342299991
2023-03-16 14:15:00,46140.49622299991
2023-03-16 14:30:00,45723.6986229999
2023-03-16 14:45:00,45723.6986229999
2023-03-16 15:00:00,45723.6986229999
2023-03-16 15:15:00,45723.6986229999
2023-03-16 15:30:00,45723.6986229999
2023-03-16 15:45:00,45723.6986229999
2023-03-16 16:00:00,45723.6986229999
2023-03-17 09:30:00,45723.6986229999
2023-03-17 09:45:00,45723.6986229999
2023-03-17 10:00:00,45723.6986229999
2023-03-17 10:15:00,45723.6986229999
2023-03-17 10:30:00,45723.6986229999
2023-03-17 10:45:00,45723.6986229999
2023-03-17 11:00:00,45723.6986229999
2023-03-17 11:15:00,45723.6986229999
2023-03-17 11:30:00,45723.6986229999
2023-03-17 11:45:00,45723.6986229999
2023-03-17 12:00:00,45723.6986229999
2023-03-17 12:15:00,45723.6986229999
2023-03-17 12:30:00,45723.6986229999
2023-03-17 12:45:00,45723.6986229999
2023-03-17 13:00:00,45723.6986229999
2023-03-17 13:15:00,45723.6986229999
2023-03-17 13:30:00,45723.6986229999
2023-03-17 13:45:00,45723.6986229999
2023-03-17 14:00:00,45723.6986229999
2023-03-17 14:15:00,45723.6986229999
2023-03-17 14:30:00,45723.6986229999
2023-03-17 14:45:00,45723.6986229999
2023-03-17 15:00:00,45723.6986229999
2023-03-17 15:15:00,45723.6986229999
2023-03-17 15:30:00,45723.6986229999
2023-03-17 15:45:00,45723.6986229999
2023-03-17 16:00:00,45723.6986229999
2023-03-20 09:30:00,45723.6986229999
2023-03-20 09:45:00,45723.6986229999
2023-03-20 10:00:00,45723.6986229999
2023-03-20 10:15:00,45723.6986229999
2023-03-20 10:30:00,45723.6986229999
2023-03-20 10:45:00,45723.6986229999
2023-03-20 11:00:00,45723.6986229999
2023-03-20 11:15:00,45723.6986229999
2023-03-20 11:30:00,45723.6986229999
2023-03-20 11:45:00,45723.6986229999
2023-03-20 12:00:00,45723.6986229999
2023-03-20 12:15:00,45723.6986229999
2023-03-20 12:30:00,45723.6986229999
2023-03-20 12:45:00,45723.6986229999
2023-03-20 13:00:00,45723.6986229999
2023-03-20 13:15:00,45723.6986229999
2023-03-20 13:30:00,45723.6986229999
2023-03-20 13:45:00,45723.6986229999
2023-03-20 14:00:00,45723.6986229999
2023-03-20 14:15:00,45723.6986229999
2023-03-20 14:30:00,45723.6986229999
2023-03-20 14:45:00,45723.6986229999
2023-03-20 15:00:00,45723.6986229999
2023-03-20 15:15:00,45723.6986229999
2023-03-20 15:30:00,45400.5310229999
2023-03-20 15:45:00,45420.0710229999
2023-03-20 16:00:00,45428.35102299991
2023-03-21 09:30:00,45707.8710229999
2023-03-21 09:45:00,45402.816022999905
2023-03-21 10:00:00,44953.5989229999
2023-03-21 10:15:00,44921.1689229999
2023-03-21 10:30:00,44914.2689229999
2023-03-21 10:45:00,44897.708922999904
2023-03-21 11:00:00,44946.00892299991
2023-03-21 11:15:00,44910.74982299991
2023-03-21 11:30:00,44830.52982299991
2023-03-21 11:45:00,44819.47632299991
2023-03-21 12:00:00,44840.90982299991
2023-03-21 12:15:00,44880.27102299991
2023-03-21 12:30:00,44838.91482299991
2023-03-21 12:45:00,44837.579822999905
2023-03-21 13:00:00,44854.109822999904
2023-03-21 13:15:00,44855.56482299991
2023-03-21 13:30:00,44865.28482299991
2023-03-21 13:45:00,44765.8348229999
2023-03-21 14:00:00,44776.91982299991
2023-03-21 14:15:00,44859.79482299991
2023-03-21 14:30:00,44884.664822999905
2023-03-21 14:45:00,44902.67982299991
2023-03-21 15:00:00,44966.2798229999
2023-03-21 15:15:00,44975.92482299991
2023-03-21 15:30:00,45089.18982299991
2023-03-21 15:45:00,45062.90982299991
2023-03-21 16:00:00,45035.2798229999
2023-03-22 09:30:00,44994.6016229999
2023-03-22 09:45:00,45030.539822999905
2023-03-22 10:00:00,45012.56982299991
2023-03-22 10:15:00,45107.198419999906
2023-03-22 10:30:00,45089.258419999904
2023-03-22 10:45:00,45051.9984199999
2023-03-22 11:00:00,44984.378419999906
2023-03-22 11:15:00,44987.1384199999
2023-03-22 11:30:00,44959.5384199999
2023-03-22 11:45:00,45003.974419999904
2023-03-22 12:00:00,44974.7184199999
2023-03-22 12:15:00,44981.6184199999
2023-03-22 12:30:00,44951.258419999904
2023-03-22 12:45:00,44908.478419999905
2023-03-22 13:00:00,44880.878419999906
2023-03-22 13:15:00,44913.9984199999
2023-03-22 13:30:00,44936.0784199999
2023-03-22 13:45:00,44944.3584199999
2023-03-22 14:00:00,45028.5384199999
2023-03-22 14:15:00,45072.698419999906
2023-03-22 14:30:00,45183.09841999991
2023-03-22 14:45:00,44962.298419999905
2023-03-22 15:00:00,44799.4584199999
2023-03-22 15:15:00,44955.3984199999
2023-03-22 15:30:00,44711.1384199999
2023-03-22 15:45:00,44304.0384199999
2023-03-22 16:00:00,44378.5584199999
2023-03-23 09:30:00,44618.6784199999
2023-03-23 09:45:00,44608.190419999904
2023-03-23 10:00:00,44701.478419999905
2023-03-23 10:15:00,44690.438419999904
2023-03-23 10:30:00,44719.4184199999
2023-03-23 10:45:00,44904.3384199999
2023-03-23 11:00:00,44934.698419999906
2023-03-23 11:15:00,44833.9584199999
2023-03-23 11:30:00,44835.3384199999
2023-03-23 11:45:00,44862.9246199999
2023-03-23 12:00:00,44813.258419999904
2023-03-23 12:15:00,44817.3984199999
2023-03-23 12:30:00,44781.5184199999
2023-03-23 12:45:00,44722.1784199999
2023-03-23 13:00:00,44636.6184199999
2023-03-23 13:15:00,44538.91441999991
2023-03-23 13:30:00,44613.158419999905
2023-03-23 13:45:00,44501.378419999906
2023-03-23 14:00:00,44528.978419999905
2023-03-23 14:15:00,44312.3184199999
2023-03-23 14:30:00,44152.2384199999
2023-03-23 14:45:00,44254.3584199999
2023-03-23 15:00:00,44313.698419999906
2023-03-23 15:15:00,44230.8984199999
2023-03-23 15:30:00,44370.2784199999
2023-03-23 15:45:00,44402.0184199999
2023-03-23 16:00:00,44386.8384199999
2023-03-24 09:30:00,44130.158419999905
2023-03-24 09:45:00,44199.158419999905
2023-03-24 10:00:00,44199.158419999905
2023-03-24 10:15:00,44270.9184199999
2023-03-24 10:30:00,44128.7784199999
2023-03-24 10:45:00,44167.4184199999
2023-03-24 11:00:00,44047.34461999991
2023-03-24 11:15:00,44139.8184199999
2023-03-24 11:30:00,44199.158419999905
2023-03-24 11:45:00,44373.0384199999
2023-03-24 12:00:00,44312.3184199999
2023-03-24 12:15:00,44317.8384199999
2023-03-24 12:30:00,44402.0184199999
2023-03-24 12:45:00,44424.09841999991
2023-03-24 13:00:00,44403.3984199999
2023-03-24 13:15:00,44444.798419999905
2023-03-24 13:30:00,44457.1494199999
2023-03-24 13:45:00,43977.1403799999
2023-03-24 14:00:00,43977.1403799999
2023-03-24 14:15:00,43977.1403799999
2023-03-24 14:30:00,43977.1403799999
2023-03-24 14:45:00,43977.1403799999
2023-03-24 15:00:00,43977.1403799999
2023-03-24 15:15:00,43977.1403799999
2023-03-24 15:30:00,43977.1403799999
2023-03-24 15:45:00,43977.1403799999
2023-03-24 16:00:00,43977.1403799999
2023-03-27 09:30:00,43977.1403799999
2023-03-27 09:45:00,43977.1403799999
2023-03-27 10:00:00,43977.1403799999
2023-03-27 10:15:00,43977.1403799999
2023-03-27 10:30:00,43977.1403799999
2023-03-27 10:45:00,43977.1403799999
2023-03-27 11:00:00,43977.1403799999
2023-03-27 11:15:00,43977.1403799999
2023-03-27 11:30:00,43977.1403799999
2023-03-27 11:45:00,43977.1403799999
2023-03-27 12:00:00,43977.1403799999
2023-03-27 12:15:00,43977.1403799999
2023-03-27 12:30:00,43977.1403799999
2023-03-27 12:45:00,43977.1403799999
2023-03-27 13:00:00,43977.1403799999
2023-03-27 13:15:00,43977.1403799999
2023-03-27 13:30:00,43977.1403799999
2023-03-27 13:45:00,43977.1403799999
2023-03-27 14:00:00,43977.1403799999
2023-03-27 14:15:00,43977.1403799999
2023-03-27 14:30:00,43977.1403799999
2023-03-27 14:45:00,43977.1403799999
2023-03-27 15:00:00,43651.025379999905
2023-03-27 15:15:00,43556.992579999904
2023-03-27 15:30:00,43497.102579999904
2023-03-27 15:45:00,43438.9125799999
2023-03-27 16:00:00,43441.852579999904
2023-03-28 09:30:00,43481.40257999991
2023-03-28 09:45:00,43491.7525799999
2023-03-28 10:00:00,43559.6775799999
2023-03-28 10:15:00,43526.47587999991
2023-03-28 10:30:00,43449.9225799999
2023-03-28 10:45:00,43435.8625799999
2023-03-28 11:00:00,43479.3325799999
2023-03-28 11:15:00,43519.9225799999
2023-03-28 11:30:00,43530.275079999905
2023-03-28 11:45:00,43543.242579999904
2023-03-28 12:00:00,43508.9125799999
2023-03-28 12:15:00,43484.1725799999
2023-03-28 12:30:00,43477.3325799999
2023-03-28 12:45:00,43454.3175799999
2023-03-28 13:00:00,43396.0583799999
2023-03-28 13:15:00,43375.822579999905
2023-03-28 13:30:00,43322.5825799999
2023-03-28 13:45:00,43263.67257999991
2023-03-28 14:00:00,43270.154979999905
2023-03-28 14:15:00,43293.7825799999
2023-03-28 14:30:00,43320.56257999991
2023-03-28 14:45:00,43336.9425799999
2023-03-28 15:00:00,43335.04257999991
2023-03-28 15:15:00,43292.6325799999
2023-03-28 15:30:00,43311.712579999905
2023-03-28 15:45:00,43382.1125799999
2023-03-28 16:00:00,43390.822579999905
2023-03-29 09:30:00,43712.312579999896
2023-03-29 09:45:00,43708.4425799999
2023-03-29 10:00:00,43657.37257999991
2023-03-29 10:15:00,43663.23257999991
2023-03-29 10:30:00,43619.34257999991
2023-03-29 10:45:00,43590.822579999905
2023-03-29 11:00:00,43617.2445799999
2023-03-29 11:15:00,43611.0825799999
2023-03-29 11:30:00,43635.51257999991
2023-03-29 11:45:00,43694.3325799999
2023-03-29 12:00:00,43691.5525799999
2023-03-29 12:15:00,43675.2064789999
2023-03-29 12:30:00,43677.886378999894
2023-03-29 12:45:00,43675.4963789999
2023-03-29 13:00:00,43723.124478999904
2023-03-29 13:15:00,43724.726378999905
2023-03-29 13:30:00,43666.1665789999
2023-03-29 13:45:00,43639.6163789999
2023-03-29 14:00:00,43673.0323789999
2023-03-29 14:15:00,43659.7713789999
2023-03-29 14:30:00,43694.6763789999
2023-03-29 14:45:00,43745.01307899991
2023-03-29 15:00:00,43734.6563789999
2023-03-29 15:15:00,43796.296378999905
2023-03-29 15:30:00,43774.366378999905
2023-03-29 15:45:00,43808.896378999896
2023-03-29 16:00:00,43806.7263789999
2023-03-30 09:30:00,43569.3883789999
2023-03-30 09:45:00,43569.3883789999
2023-03-30 10:00:00,43569.3883789999
2023-03-30 10:15:00,43135.9688789999
2023-03-30 10:30:00,43125.94907899989
2023-03-30 10:45:00,43060.18887899989
2023-03-30 11:00:00,43068.56677899989
2023-03-30 11:15:00,43079.13387899989
2023-03-30 11:30:00,43087.55387899989
2023-03-30 11:45:00,43131.00107899989
2023-03-30 12:00:00,43106.540978999896
2023-03-30 12:15:00,42967.52677899989
2023-03-30 12:30:00,42858.1088789999
2023-03-30 12:45:00,42908.628878999894
2023-03-30 13:00:00,42891.915178999894
2023-03-30 13:15:00,42790.74887899989
2023-03-30 13:30:00,42605.50887899989
2023-03-30 13:45:00,42647.6088789999
2023-03-30 14:00:00,42729.70387899989
2023-03-30 14:15:00,42801.27387899989
2023-03-30 14:30:00,42851.793878999895
2023-03-30 14:45:00,42860.21387899989
2023-03-30 15:00:00,42938.098878999896
2023-03-30 15:15:00,42925.4688789999
2023-03-30 15:30:00,42933.8888789999
2023-03-30 15:45:00,42942.308878999895
2023-03-30 16:00:00,42929.67887899989
2023-03-31 09:30:00,43291.73887899989
2023-03-31 09:45:00,43173.8588789999
2023-03-31 10:00:00,43125.44387899989
2023-03-31 10:15:00,43152.808878999895
2023-03-31 10:30:00,43350.67887899989
2023-03-31 10:45:00,43329.628878999894
2023-03-31 11:00:00,43291.696778999896
2023-03-31 11:15:00,43329.628878999894
2023-03-31 11:30:00,43464.3067789999
2023-03-31 11:45:00,43472.768878999894
2023-03-31 12:00:00,43338.0488789999
2023-03-31 12:15:00,43424.35387899989
2023-03-31 12:30:00,43340.153878999896
2023-03-31 12:45:00,43293.8438789999
2023-03-31 13:00:00,43338.0488789999
2023-03-31 13:15:00,43346.4688789999
2023-03-31 13:30:00,43303.7373789999
2023-03-31 13:45:00,43356.99387899989
2023-03-31 14:00:00,43382.253878999894
2023-03-31 14:15:00,43325.418878999895
2023-03-31 14:30:00,43335.94387899989
2023-03-31 14:45:00,43304.41097899989
2023-03-31 15:00:00,43388.56887899989
2023-03-31 15:15:00,43445.403878999896
2023-03-31 15:30:00,43348.573878999894
2023-03-31 15:45:00,43489.6088789999
2023-03-31 16:00:00,43472.768878999894
2023-04-03 09:30:00,43009.668878999895
2023-04-03 09:45:00,43180.1738789999
2023-04-03 10:00:00,43245.42887899989
2023-04-03 10:15:00,43359.098878999896
2023-04-03 10:30:00,43158.78707899989
2023-04-03 10:45:00,42917.0488789999
2023-04-03 11:00:00,42906.52387899989
2023-04-03 11:15:00,43009.668878999895
2023-04-03 11:30:00,42950.72887899989
2023-04-03 11:45:00,43034.970978999896
2023-04-03 12:00:00,43018.08887899989
2023-04-03 12:15:00,43022.2988789999
2023-04-03 12:30:00,42942.308878999895
2023-04-03 12:45:00,42905.934478999894
2023-04-03 13:00:00,42887.57887899989
2023-04-03 13:15:00,42828.6388789999
2023-04-03 13:30:00,42878.94837899989
2023-04-03 13:45:00,42832.890978999894
2023-04-03 14:00:00,42750.753878999894
2023-04-03 14:15:00,42824.42887899989
2023-04-03 14:30:00,42883.7056789999
2023-04-03 14:45:00,42923.36387899989
2023-04-03 15:00:00,42984.40887899989
2023-04-03 15:15:00,43024.403878999896
2023-04-03 15:30:00,43131.75887899989
2023-04-03 15:45:00,43110.708878999896
2023-04-03 16:00:00,43110.708878999896
2023-04-04 09:30:00,43165.43887899989
2023-04-04 09:45:00,43228.58887899989
2023-04-04 10:00:00,43144.34677899989
2023-04-04 10:15:00,43144.34677899989
2023-04-04 10:30:00,43144.34677899989
2023-04-04 10:45:00,43144.34677899989
2023-04-04 11:00:00,43144.34677899989
2023-04-04 11:15:00,43144.34677899989
2023-04-04 11:30:00,43144.34677899989
2023-04-04 11:45:00,43144.34677899989
2023-04-04 12:00:00,43144.34677899989
2023-04-04 12:15:00,43144.34677899989
2023-04-04 12:30:00,43144.34677899989
2023-04-04 12:45:00,43144.34677899989
2023-04-04 13:00:00,43144.34677899989
2023-04-04 13:15:00,43144.34677899989
2023-04-04 13:30:00,43144.34677899989
2023-04-04 13:45:00,43144.34677899989
2023-04-04 14:00:00,43144.34677899989
2023-04-04 14:15:00,43144.34677899989
2023-04-04 14:30:00,43144.34677899989
2023-04-04 14:45:00,43144.34677899989
2023-04-04 15:00:00,43144.34677899989
2023-04-04 15:15:00,43144.34677899989
2023-04-04 15:30:00,43144.34677899989
2023-04-04 15:45:00,43144.34677899989
2023-04-04 16:00:00,43144.34677899989
2023-04-05 09:30:00,43144.34677899989
2023-04-05 09:45:00,43144.34677899989
2023-04-05 10:00:00,43144.34677899989
2023-04-05 10:15:00,43144.34677899989
2023-04-05 10:30:00,43144.34677899989
2023-04-05 10:45:00,43144.34677899989
2023-04-05 11:00:00,43144.34677899989
2023-04-05 11:15:00,43144.34677899989
2023-04-05 11:30:00,43144.34677899989
2023-04-05 11:45:00,43144.34677899989
2023-04-05 12:00:00,43144.34677899989
2023-04-05 12:15:00,43144.34677899989
2023-04-05 12:30:00,43144.34677899989
2023-04-05 12:45:00,43144.34677899989
2023-04-05 13:00:00,43144.34677899989
2023-04-05 13:15:00,43144.34677899989
2023-04-05 13:30:00,43144.34677899989
2023-04-05 13:45:00,43144.34677899989
2023-04-05 14:00:00,43144.34677899989
2023-04-05 14:15:00,43144.34677899989
2023-04-05 14:30:00,43144.34677899989
2023-04-05 14:45:00,43144.34677899989
2023-04-05 15:00:00,43144.34677899989
2023-04-05 15:15:00,43144.34677899989
2023-04-05 15:30:00,43144.34677899989
2023-04-05 15:45:00,43144.34677899989
2023-04-05 16:00:00,43144.34677899989
2023-04-06 09:30:00,43144.34677899989
2023-04-06 09:45:00,43144.34677899989
2023-04-06 10:00:00,43144.34677899989
2023-04-06 10:15:00,43144.34677899989
2023-04-06 10:30:00,43144.34677899989
2023-04-06 10:45:00,43144.34677899989
2023-04-06 11:00:00,43144.34677899989
2023-04-06 11:15:00,43144.34677899989
2023-04-06 11:30:00,43144.34677899989
2023-04-06 11:45:00,43144.34677899989
2023-04-06 12:00:00,43144.34677899989
2023-04-06 12:15:00,43144.34677899989
2023-04-06 12:30:00,43144.34677899989
2023-04-06 12:45:00,43144.34677899989
2023-04-06 13:00:00,43144.34677899989
2023-04-06 13:15:00,43144.34677899989
2023-04-06 13:30:00,43144.34677899989
2023-04-06 13:45:00,43144.34677899989
2023-04-06 14:00:00,43144.34677899989
2023-04-06 14:15:00,43144.34677899989
2023-04-06 14:30:00,43144.34677899989
2023-04-06 14:45:00,43144.34677899989
2023-04-06 15:00:00,43144.34677899989
2023-04-06 15:15:00,43144.34677899989
2023-04-06 15:30:00,43144.34677899989
2023-04-06 15:45:00,43144.34677899989
2023-04-06 16:00:00,43144.34677899989
2023-04-10 09:30:00,43144.34677899989
2023-04-10 09:45:00,43144.34677899989
2023-04-10 10:00:00,43144.34677899989
2023-04-10 10:15:00,43144.34677899989
2023-04-10 10:30:00,43144.34677899989
2023-04-10 10:45:00,43144.34677899989
2023-04-10 11:00:00,43144.34677899989
2023-04-10 11:15:00,43144.34677899989
2023-04-10 11:30:00,43144.34677899989
2023-04-10 11:45:00,43144.34677899989
2023-04-10 12:00:00,43144.34677899989
2023-04-10 12:15:00,43144.34677899989
2023-04-10 12:30:00,43144.34677899989
2023-04-10 12:45:00,43144.34677899989
2023-04-10 13:00:00,43144.34677899989
2023-04-10 13:15:00,43144.34677899989
2023-04-10 13:30:00,43144.34677899989
2023-04-10 13:45:00,43144.34677899989
2023-04-10 14:00:00,43144.34677899989
2023-04-10 14:15:00,43144.34677899989
2023-04-10 14:30:00,43144.34677899989
2023-04-10 14:45:00,43144.34677899989
2023-04-10 15:00:00,43144.34677899989
2023-04-10 15:15:00,43144.34677899989
2023-04-10 15:30:00,43144.34677899989
2023-04-10 15:45:00,43144.34677899989
2023-04-10 16:00:00,43144.34677899989
2023-04-11 09:30:00,43144.34677899989
2023-04-11 09:45:00,43144.34677899989
2023-04-11 10:00:00,43144.34677899989
2023-04-11 10:15:00,42712.22357899989
2023-04-11 10:30:00,42621.10357899989
2023-04-11 10:45:00,42594.30357899989
2023-04-11 11:00:00,42658.62357899989
2023-04-11 11:15:00,42631.82357899989
2023-04-11 11:30:00,42588.94357899989
2023-04-11 11:45:00,42583.58357899989
2023-04-11 12:00:00,42599.66357899988
2023-04-11 12:15:00,42594.30357899989
2023-04-11 12:30:00,42578.22357899989
2023-04-11 12:45:00,42588.94357899989
2023-04-11 13:00:00,42567.50357899989
2023-04-11 13:15:00,42588.94357899989
2023-04-11 13:30:00,42642.54357899989
2023-04-11 13:45:00,42642.54357899989
2023-04-11 14:00:00,42599.66357899988
2023-04-11 14:15:00,42631.82357899989
2023-04-11 14:30:00,42626.46357899989
2023-04-11 14:45:00,42610.38357899989
2023-04-11 15:00:00,42615.743578999885
2023-04-11 15:15:00,42621.10357899989
2023-04-11 15:30:00,42578.22357899989
2023-04-11 15:45:00,42583.58357899989
2023-04-11 16:00:00,42540.703578999884
2023-04-12 09:30:00,42583.58357899989
2023-04-12 09:45:00,42513.90357899989
2023-04-12 10:00:00,42617.994778999884
2023-04-12 10:15:00,42551.423578999886
2023-04-12 10:30:00,42412.06357899989
2023-04-12 10:45:00,42353.10357899989
2023-04-12 11:00:00,42283.423578999886
2023-04-12 11:15:00,42363.82357899989
2023-04-12 11:30:00,42358.46357899989
2023-04-12 11:45:00,42382.04757899989
2023-04-12 12:00:00,42390.62357899989
2023-04-12 12:15:00,42395.98357899989
2023-04-12 12:30:00,42379.90357899989
2023-04-12 12:45:00,42438.86357899989
2023-04-12 13:00:00,42481.743578999885
2023-04-12 13:15:00,42476.38357899989
2023-04-12 13:30:00,42417.423578999886
2023-04-12 13:45:00,42358.46357899989
2023-04-12 14:00:00,42422.783578999886
2023-04-12 14:15:00,42337.02357899989
2023-04-12 14:30:00,42320.94357899989
2023-04-12 14:45:00,42299.50357899989
2023-04-12 15:00:00,42245.90357899989
2023-04-12 15:15:00,42186.94357899989
2023-04-12 15:30:00,42235.18357899989
2023-04-12 15:45:00,42251.26357899989
2023-04-12 16:00:00,42251.26357899989
2023-04-13 09:30:00,42840.86357899989
2023-04-13 09:45:00,42787.26357899989
2023-04-13 10:00:00,42814.06357899989
2023-04-13 10:15:00,42803.34357899989
2023-04-13 10:30:00,42744.38357899989
2023-04-13 10:45:00,42755.10357899989
2023-04-13 11:00:00,42808.703578999884
2023-04-13 11:15:00,42808.703578999884
2023-04-13 11:30:00,42797.98357899989
2023-04-13 11:45:00,42814.06357899989
2023-04-13 12:00:00,42803.34357899989
2023-04-13 12:15:00,42803.34357899989
2023-04-13 12:30:00,42797.98357899989
2023-04-13 12:45:00,42830.143578999894
2023-04-13 13:00:00,42862.30357899989
2023-04-13 13:15:00,42851.47637899989
2023-04-13 13:30:00,42889.10357899989
2023-04-13 13:45:00,42899.82357899989
2023-04-13 14:00:00,42910.54357899989
2023-04-13 14:15:00,42873.02357899989
2023-04-13 14:30:00,42856.94357899989
2023-04-13 14:45:00,42878.38357899989
2023-04-13 15:00:00,42856.94357899989
2023-04-13 15:15:00,42873.02357899989
2023-04-13 15:30:00,42862.30357899989
2023-04-13 15:45:00,42867.66357899988
2023-04-13 16:00:00,42851.58357899989
2023-04-14 09:30:00,42754.031578999886
2023-04-14 09:45:00,42803.34357899989
2023-04-14 10:00:00,42647.90357899989
2023-04-14 10:15:00,42588.94357899989
2023-04-14 10:30:00,42562.143578999894
2023-04-14 10:45:00,42540.703578999884
2023-04-14 11:00:00,42513.90357899989
2023-04-14 11:15:00,42454.94357899989
2023-04-14 11:30:00,42476.38357899989
2023-04-14 11:45:00,42465.66357899988
2023-04-14 12:00:00,42487.10357899989
2023-04-14 12:15:00,42481.743578999885
2023-04-14 12:30:00,42444.22357899989
2023-04-14 12:45:00,42449.58357899989
2023-04-14 13:00:00,42524.62357899989
2023-04-14 13:15:00,42497.82357899989
2023-04-14 13:30:00,42460.30357899989
2023-04-14 13:45:00,42497.82357899989
2023-04-14 14:00:00,42524.62357899989
2023-04-14 14:15:00,42556.783578999886
2023-04-14 14:30:00,42562.143578999894
2023-04-14 14:45:00,42567.50357899989
2023-04-14 15:00:00,42524.62357899989
2023-04-14 15:15:00,42540.703578999884
2023-04-14 15:30:00,42588.94357899989
2023-04-14 15:45:00,42594.30357899989
2023-04-14 16:00:00,42519.26357899989
2023-04-17 09:30:00,42797.98357899989
2023-04-17 09:45:00,42744.38357899989
2023-04-17 10:00:00,42728.30357899989
2023-04-17 10:15:00,42749.743578999885
2023-04-17 10:30:00,42669.34357899989
2023-04-17 10:45:00,42663.98357899989
2023-04-17 11:00:00,42669.34357899989
2023-04-17 11:15:00,42658.62357899989
2023-04-17 11:30:00,42642.54357899989
2023-04-17 11:45:00,42674.703578999884
2023-04-17 12:00:00,42669.34357899989
2023-04-17 12:15:00,42669.34357899989
2023-04-17 12:30:00,42669.34357899989
2023-04-17 12:45:00,42674.703578999884
2023-04-17 13:00:00,42696.143578999894
2023-04-17 13:15:00,42722.94357899989
2023-04-17 13:30:00,42722.94357899989
2023-04-17 13:45:00,42712.22357899989
2023-04-17 14:00:00,42717.58357899989
2023-04-17 14:15:00,42706.86357899989
2023-04-17 14:30:00,42755.10357899989
2023-04-17 14:45:00,42749.207578999885
2023-04-17 15:00:00,42765.82357899989
2023-04-17 15:15:00,42803.34357899989
2023-04-17 15:30:00,42765.82357899989
2023-04-17 15:45:00,42803.34357899989
2023-04-17 16:00:00,42830.143578999894
2023-04-18 09:30:00,42865.94837899989
2023-04-18 09:45:00,42840.86357899989
2023-04-18 10:00:00,42830.143578999894
2023-04-18 10:15:00,42781.90357899989
2023-04-18 10:30:00,42771.18357899989
2023-04-18 10:45:00,42776.54357899989
2023-04-18 11:00:00,42765.82357899989
2023-04-18 11:15:00,42776.54357899989
2023-04-18 11:30:00,42701.50357899989
2023-04-18 11:45:00,42679.95637899989
2023-04-18 12:00:00,42706.86357899989
2023-04-18 12:15:00,42749.743578999885
2023-04-18 12:30:00,42733.55637899989
2023-04-18 12:45:00,42701.50357899989
2023-04-18 13:00:00,42701.50357899989
2023-04-18 13:15:00,42696.143578999894
2023-04-18 13:30:00,42717.58357899989
2023-04-18 13:45:00,42696.143578999894
2023-04-18 14:00:00,42680.06357899989
2023-04-18 14:15:00,42696.143578999894
2023-04-18 14:30:00,42674.703578999884
2023-04-18 14:45:00,42680.06357899989
2023-04-18 15:00:00,42722.94357899989
2023-04-18 15:15:00,42706.86357899989
2023-04-18 15:30:00,42717.58357899989
2023-04-18 15:45:00,42744.38357899989
2023-04-18 16:00:00,42744.38357899989
2023-04-19 09:30:00,42197.66357899988
2023-04-19 09:45:00,42186.94357899989
2023-04-19 10:00:00,42294.143578999894
2023-04-19 10:15:00,42272.703578999884
2023-04-19 10:30:00,42304.86357899989
2023-04-19 10:45:00,42294.143578999894
2023-04-19 11:00:00,42288.783578999886
2023-04-19 11:15:00,42299.50357899989
2023-04-19 11:30:00,42299.50357899989
2023-04-19 11:45:00,42294.143578999894
2023-04-19 12:00:00,42304.86357899989
2023-04-19 12:15:00,42315.58357899989
2023-04-19 12:30:00,42326.41077899989
2023-04-19 12:45:00,42342.38357899989
2023-04-19 13:00:00,42347.743578999885
2023-04-19 13:15:00,42331.66357899988
2023-04-19 13:30:00,42310.22357899989
2023-04-19 13:45:00,42331.66357899988
2023-04-19 14:00:00,42315.58357899989
2023-04-19 14:15:00,41879.46717899988
2023-04-19 14:30:00,41879.46717899988
2023-04-19 14:45:00,41879.46717899988
2023-04-19 15:00:00,41879.46717899988
2023-04-19 15:15:00,41879.46717899988
2023-04-19 15:30:00,41879.46717899988
2023-04-19 15:45:00,41879.46717899988
2023-04-19 16:00:00,41879.46717899988
2023-04-20 09:30:00,41879.46717899988
2023-04-20 09:45:00,41879.46717899988
2023-04-20 10:00:00,41879.46717899988
2023-04-20 10:15:00,41879.46717899988
2023-04-20 10:30:00,41879.46717899988
2023-04-20 10:45:00,41879.46717899988
2023-04-20 11:00:00,41879.46717899988
2023-04-20 11:15:00,41879.46717899988
2023-04-20 11:30:00,41879.46717899988
2023-04-20 11:45:00,41879.46717899988
2023-04-20 12:00:00,41879.46717899988
2023-04-20 12:15:00,41879.46717899988
2023-04-20 12:30:00,41879.46717899988
2023-04-20 12:45:00,41879.46717899988
2023-04-20 13:00:00,41879.46717899988
2023-04-20 13:15:00,41879.46717899988
2023-04-20 13:30:00,41879.46717899988
2023-04-20 13:45:00,41879.46717899988
2023-04-20 14:00:00,41879.46717899988
2023-04-20 14:15:00,41879.46717899988
2023-04-20 14:30:00,41879.46717899988
2023-04-20 14:45:00,41879.46717899988
2023-04-20 15:00:00,41879.46717899988
2023-04-20 15:15:00,41879.46717899988
2023-04-20 15:30:00,41879.46717899988
2023-04-20 15:45:00,41879.46717899988
2023-04-20 16:00:00,41879.46717899988
2023-04-21 09:30:00,41879.46717899988
2023-04-21 09:45:00,41879.46717899988
2023-04-21 10:00:00,41879.46717899988
2023-04-21 10:15:00,41879.46717899988
2023-04-21 10:30:00,41879.46717899988
2023-04-21 10:45:00,41879.46717899988
2023-04-21 11:00:00,41879.46717899988
2023-04-21 11:15:00,41879.46717899988
2023-04-21 11:30:00,41879.46717899988
2023-04-21 11:45:00,41879.46717899988
2023-04-21 12:00:00,41879.46717899988
2023-04-21 12:15:00,41879.46717899988
2023-04-21 12:30:00,41879.46717899988
2023-04-21 12:45:00,41879.46717899988
2023-04-21 13:00:00,41879.46717899988
2023-04-21 13:15:00,41879.46717899988
2023-04-21 13:30:00,41879.46717899988
2023-04-21 13:45:00,41879.46717899988
2023-04-21 14:00:00,41879.46717899988
2023-04-21 14:15:00,41879.46717899988
2023-04-21 14:30:00,41879.46717899988
2023-04-21 14:45:00,41879.46717899988
2023-04-21 15:00:00,41879.46717899988
2023-04-21 15:15:00,41879.46717899988
2023-04-21 15:30:00,41879.46717899988
2023-04-21 15:45:00,41879.46717899988
2023-04-21 16:00:00,41879.46717899988
2023-04-24 09:30:00,41879.46717899988
2023-04-24 09:45:00,41879.46717899988
2023-04-24 10:00:00,41879.46717899988
2023-04-24 10:15:00,41879.46717899988
2023-04-24 10:30:00,41879.46717899988
2023-04-24 10:45:00,41879.46717899988
2023-04-24 11:00:00,41879.46717899988
2023-04-24 11:15:00,41879.46717899988
2023-04-24 11:30:00,41879.46717899988
2023-04-24 11:45:00,41879.46717899988
2023-04-24 12:00:00,41879.46717899988
2023-04-24 12:15:00,41879.46717899988
2023-04-24 12:30:00,41879.46717899988
2023-04-24 12:45:00,41879.46717899988
2023-04-24 13:00:00,41879.46717899988
2023-04-24 13:15:00,41879.46717899988
2023-04-24 13:30:00,41879.46717899988
2023-04-24 13:45:00,41879.46717899988
2023-04-24 14:00:00,41879.46717899988
2023-04-24 14:15:00,41879.46717899988
2023-04-24 14:30:00,41879.46717899988
2023-04-24 14:45:00,41879.46717899988
2023-04-24 15:00:00,41879.46717899988
2023-04-24 15:15:00,41879.46717899988
2023-04-24 15:30:00,41879.46717899988
2023-04-24 15:45:00,41879.46717899988
2023-04-24 16:00:00,41879.46717899988
2023-04-25 09:30:00,41879.46717899988
2023-04-25 09:45:00,41879.46717899988
2023-04-25 10:00:00,41879.46717899988
2023-04-25 10:15:00,41879.46717899988
2023-04-25 10:30:00,41879.46717899988
2023-04-25 10:45:00,41879.46717899988
2023-04-25 11:00:00,41879.46717899988
2023-04-25 11:15:00,41879.46717899988
2023-04-25 11:30:00,41879.46717899988
2023-04-25 11:45:00,41879.46717899988
2023-04-25 12:00:00,41879.46717899988
2023-04-25 12:15:00,41879.46717899988
2023-04-25 12:30:00,41879.46717899988
2023-04-25 12:45:00,41879.46717899988
2023-04-25 13:00:00,41879.46717899988
2023-04-25 13:15:00,41879.46717899988
2023-04-25 13:30:00,41879.46717899988
2023-04-25 13:45:00,41879.46717899988
2023-04-25 14:00:00,41879.46717899988
2023-04-25 14:15:00,41879.46717899988
2023-04-25 14:30:00,41879.46717899988
2023-04-25 14:45:00,41879.46717899988
2023-04-25 15:00:00,41879.46717899988
2023-04-25 15:15:00,41879.46717899988
2023-04-25 15:30:00,41879.46717899988
2023-04-25 15:45:00,41879.46717899988
2023-04-25 16:00:00,41879.46717899988
2023-04-26 09:30:00,41879.46717899988
2023-04-26 09:45:00,41879.46717899988
2023-04-26 10:00:00,41879.46717899988
2023-04-26 10:15:00,41879.46717899988
2023-04-26 10:30:00,41879.46717899988
2023-04-26 10:45:00,41879.46717899988
2023-04-26 11:00:00,41879.46717899988
2023-04-26 11:15:00,41879.46717899988
2023-04-26 11:30:00,41879.46717899988
2023-04-26 11:45:00,41879.46717899988
2023-04-26 12:00:00,41879.46717899988
2023-04-26 12:15:00,41879.46717899988
2023-04-26 12:30:00,41879.46717899988
2023-04-26 12:45:00,41879.46717899988
2023-04-26 13:00:00,41879.46717899988
2023-04-26 13:15:00,41879.46717899988
2023-04-26 13:30:00,41879.46717899988
2023-04-26 13:45:00,41879.46717899988
2023-04-26 14:00:00,41879.46717899988
2023-04-26 14:15:00,41879.46717899988
2023-04-26 14:30:00,41465.117178999884
2023-04-26 14:45:00,41479.117178999884
2023-04-26 15:00:00,41525.75117899989
2023-04-26 15:15:00,41530.21717899988
2023-04-26 15:30:00,41515.517178999886
2023-04-26 15:45:00,41479.117178999884
2023-04-26 16:00:00,41528.117178999884
2023-04-27 09:30:00,41693.871178999885
2023-04-27 09:45:00,41693.871178999885
2023-04-27 10:00:00,41693.871178999885
2023-04-27 10:15:00,41693.871178999885
2023-04-27 10:30:00,41693.871178999885
2023-04-27 10:45:00,41693.871178999885
2023-04-27 11:00:00,41280.96540699989
2023-04-27 11:15:00,41219.681806999884
2023-04-27 11:30:00,41225.908206999884
2023-04-27 11:45:00,41174.30820699989
2023-04-27 12:00:00,41292.97100699989
2023-04-27 12:15:00,41494.228206999884
2023-04-27 12:30:00,41478.74820699989
2023-04-27 12:45:00,41440.908206999884
2023-04-27 13:00:00,41360.92820699989
2023-04-27 13:15:00,41430.605406999886
2023-04-27 13:30:00,41544.10820699989
2023-04-27 13:45:00,41528.198206999885
2023-04-27 14:00:00,41532.06820699989
2023-04-27 14:15:00,41427.062206999886
2023-04-27 14:30:00,41406.50820699989
2023-04-27 14:45:00,41382.42820699989
2023-04-27 15:00:00,41370.38820699989
2023-04-27 15:15:00,41298.14820699989
2023-04-27 15:30:00,41220.67940699989
2023-04-27 15:45:00,41126.14820699989
2023-04-27 16:00:00,41086.588206999884
2023-04-28 09:30:00,41052.18820699989
2023-04-28 09:45:00,40856.10820699989
2023-04-28 10:00:00,41096.908206999884
2023-04-28 10:15:00,41061.115006999884
2023-04-28 10:30:00,40825.14820699989
2023-04-28 10:45:00,40726.72980699989
2023-04-28 11:00:00,40703.88820699989
2023-04-28 11:15:00,40812.88460699989
2023-04-28 11:30:00,40871.91500699989
2023-04-28 11:45:00,40852.668206999886
2023-04-28 12:00:00,40783.86820699989
2023-04-28 12:15:00,40828.588206999884
2023-04-28 12:30:00,40752.08260699989
2023-04-28 12:45:00,40957.605406999886
2023-04-28 13:00:00,40966.18820699989
2023-04-28 13:15:00,41021.228206999884
2023-04-28 13:30:00,41262.02820699989
2023-04-28 13:45:00,41284.14740699989
2023-04-28 14:00:00,41179.40540699989
2023-04-28 14:15:00,41273.995406999886
2023-04-28 14:30:00,41354.80540699988
2023-04-28 14:45:00,41420.17580699988
2023-04-28 15:00:00,41270.51480699988
2023-04-28 15:15:00,41171.02780699988
2023-04-28 15:30:00,41081.28540699989
2023-04-28 15:45:00,41423.66540699989
2023-04-28 16:00:00,41375.54540699988
2023-05-01 09:30:00,41057.98860699988
2023-05-01 09:45:00,41194.985406999884
2023-05-01 10:00:00,40942.77540699989
2023-05-01 10:15:00,40978.19740699988
2023-05-01 10:30:00,40914.44540699989
2023-05-01 10:45:00,41058.98540699989
2023-05-01 11:00:00,40914.37540699989
2023-05-01 11:15:00,40829.80460699989
2023-05-01 11:30:00,40869.635406999885
2023-05-01 11:45:00,40861.04560699988
2023-05-01 12:00:00,40897.16540699989
2023-05-01 12:15:00,41205.07540699989
2023-05-01 12:30:00,41315.205406999885
2023-05-01 12:45:00,41267.04540699988
2023-05-01 13:00:00,41285.92540699989
2023-05-01 13:15:00,41390.78540699989
2023-05-01 13:30:00,41422.82540699989
2023-05-01 13:45:00,41422.89540699989
2023-05-01 14:00:00,41422.84540699989
2023-05-01 14:15:00,41422.82540699989
2023-05-01 14:30:00,41422.78540699989
2023-05-01 14:45:00,41422.78540699989
2023-05-01 15:00:00,41422.71540699989
2023-05-01 15:15:00,41422.745406999886
2023-05-01 15:30:00,41422.75540699989
2023-05-01 15:45:00,41422.75540699989
2023-05-01 16:00:00,41422.73540699989
2023-05-02 09:30:00,41422.29540699989
2023-05-02 09:45:00,41422.135406999885
2023-05-02 10:00:00,41422.03540699989
2023-05-02 10:15:00,41421.87540699989
2023-05-02 10:30:00,41421.89540699989
2023-05-02 10:45:00,41421.80540699989
2023-05-02 11:00:00,41421.83540699989
2023-05-02 11:15:00,41421.79540699989
2023-05-02 11:30:00,41421.93540699989
2023-05-02 11:45:00,41421.93740699989
2023-05-02 12:00:00,41421.95540699989
2023-05-02 12:15:00,41421.95540699989
2023-05-02 12:30:00,41421.96040699989
2023-05-02 12:45:00,41421.98540699989
2023-05-02 13:00:00,41421.97540699989
2023-05-02 13:15:00,41421.96540699989
2023-05-02 13:30:00,41421.995406999886
2023-05-02 13:45:00,41422.00540699989
2023-05-02 14:00:00,41421.89540699989
2023-05-02 14:15:00,41421.95540699989
2023-05-02 14:30:00,41421.97540699989
2023-05-02 14:45:00,41422.01540699989
2023-05-02 15:00:00,41422.04540699989
2023-05-02 15:15:00,41422.02540699989
2023-05-02 15:30:00,41422.01540699989
2023-05-02 15:45:00,41421.995406999886
2023-05-02 16:00:00,41422.01540699989
2023-05-03 09:30:00,41422.065406999885
2023-05-03 09:45:00,41422.03540699989
2023-05-03 10:00:00,41422.03540699989
2023-05-03 10:15:00,41422.03540699989
2023-05-03 10:30:00,41422.09540699989
2023-05-03 10:45:00,41420.40160699989
2023-05-03 11:00:00,41420.40160699989
2023-05-03 11:15:00,41420.40160699989
2023-05-03 11:30:00,41420.40160699989
2023-05-03 11:45:00,41420.40160699989
2023-05-03 12:00:00,41420.40160699989
2023-05-03 12:15:00,41420.40160699989
2023-05-03 12:30:00,41420.40160699989
2023-05-03 12:45:00,41420.40160699989
2023-05-03 13:00:00,41420.40160699989
2023-05-03 13:15:00,41420.40160699989
2023-05-03 13:30:00,41420.40160699989
2023-05-03 13:45:00,41420.40160699989
2023-05-03 14:00:00,41420.40160699989
2023-05-03 14:15:00,41420.40160699989
2023-05-03 14:30:00,41420.40160699989
2023-05-03 14:45:00,41420.40160699989
2023-05-03 15:00:00,41420.40160699989
2023-05-03 15:15:00,41420.40160699989
2023-05-03 15:30:00,41420.40160699989
2023-05-03 15:45:00,41420.40160699989
2023-05-03 16:00:00,41420.40160699989
2023-05-04 09:30:00,41420.40160699989
2023-05-04 09:45:00,41420.40160699989
2023-05-04 10:00:00,41420.40160699989
2023-05-04 10:15:00,41420.40160699989
2023-05-04 10:30:00,41420.40160699989
2023-05-04 10:45:00,41420.40160699989
2023-05-04 11:00:00,41420.40160699989
2023-05-04 11:15:00,41420.40160699989
2023-05-04 11:30:00,41420.40160699989
2023-05-04 11:45:00,41420.40160699989
2023-05-04 12:00:00,41420.40160699989
2023-05-04 12:15:00,41420.40160699989
2023-05-04 12:30:00,41420.40160699989
2023-05-04 12:45:00,41420.40160699989
2023-05-04 13:00:00,41420.40160699989
2023-05-04 13:15:00,41420.40160699989
2023-05-04 13:30:00,41420.40160699989
2023-05-04 13:45:00,41420.40160699989
2023-05-04 14:00:00,41420.40160699989
2023-05-04 14:15:00,41005.23100699989
2023-05-04 14:30:00,41006.49580699989
2023-05-04 14:45:00,41026.311006999895
2023-05-04 15:00:00,41010.5010069999
2023-05-04 15:15:00,41005.23100699989
2023-05-04 15:30:00,41005.23100699989
2023-05-04 15:45:00,40994.6910069999
2023-05-04 16:00:00,40973.6110069999
2023-05-05 09:30:00,41158.061006999895
2023-05-05 09:45:00,41205.491006999895
2023-05-05 10:00:00,41268.73100699989
2023-05-05 10:15:00,41310.8910069999
2023-05-05 10:30:00,41300.351006999896
2023-05-05 10:45:00,41295.08100699989
2023-05-05 11:00:00,41331.9710069999
2023-05-05 11:15:00,41353.1564069999
2023-05-05 11:30:00,41400.48100699989
2023-05-05 11:45:00,41400.48100699989
2023-05-05 12:00:00,41379.40100699989
2023-05-05 12:15:00,40997.0098069999
2023-05-05 12:30:00,40997.0098069999
2023-05-05 12:45:00,40997.0098069999
2023-05-05 13:00:00,40997.0098069999
2023-05-05 13:15:00,40997.0098069999
2023-05-05 13:30:00,40997.0098069999
2023-05-05 13:45:00,40997.0098069999
2023-05-05 14:00:00,40997.0098069999
2023-05-05 14:15:00,40997.0098069999
2023-05-05 14:30:00,40997.0098069999
2023-05-05 14:45:00,40997.0098069999
2023-05-05 15:00:00,40997.0098069999
2023-05-05 15:15:00,40997.0098069999
2023-05-05 15:30:00,40997.0098069999
2023-05-05 15:45:00,40997.0098069999
2023-05-05 16:00:00,40997.0098069999
2023-05-08 09:30:00,40997.0098069999
2023-05-08 09:45:00,40997.0098069999
2023-05-08 10:00:00,40997.0098069999
2023-05-08 10:15:00,40997.0098069999
2023-05-08 10:30:00,40997.0098069999
2023-05-08 10:45:00,40997.0098069999
2023-05-08 11:00:00,40997.0098069999
2023-05-08 11:15:00,40997.0098069999
2023-05-08 11:30:00,40997.0098069999
2023-05-08 11:45:00,40997.0098069999
2023-05-08 12:00:00,40997.0098069999
2023-05-08 12:15:00,40997.0098069999
2023-05-08 12:30:00,40997.0098069999
2023-05-08 12:45:00,40997.0098069999
2023-05-08 13:00:00,40997.0098069999
2023-05-08 13:15:00,40589.7010069999
2023-05-08 13:30:00,40681.861006999905
2023-05-08 13:45:00,40754.821006999904
2023-05-08 14:00:00,40526.34100699991
2023-05-08 14:15:00,40628.13940699991
2023-05-08 14:30:00,40735.6978069999
2023-05-08 14:45:00,40758.6226069999
2023-05-08 15:00:00,40697.2210069999
2023-05-08 15:15:00,40651.141006999904
2023-05-08 15:30:00,40685.7394069999
2023-05-08 15:45:00,40685.7010069999
2023-05-08 16:00:00,40639.62100699991
2023-05-09 09:30:00,40497.46420699991
2023-05-09 09:45:00,40639.659406999905
2023-05-09 10:00:00,40628.062606999905
2023-05-09 10:15:00,40670.3026069999
2023-05-09 10:30:00,40992.901006999906
2023-05-09 10:45:00,40940.1778069999
2023-05-09 11:00:00,40912.26100699991
2023-05-09 11:15:00,40881.5026069999
2023-05-09 11:30:00,40952.581006999906
2023-05-09 11:45:00,40762.501006999904
2023-05-09 12:00:00,40823.94100699991
2023-05-09 12:15:00,40802.821006999904
2023-05-09 12:30:00,40867.56340699991
2023-05-09 12:45:00,40894.097806999904
2023-05-09 13:00:00,40933.112206999904
2023-05-09 13:15:00,40981.88020699991
2023-05-09 13:30:00,40913.4130069999
2023-05-09 13:45:00,40975.62100699991
2023-05-09 14:00:00,40954.5394069999
2023-05-09 14:15:00,40956.42100699991
2023-05-09 14:30:00,40971.7810069999
2023-05-09 14:45:00,40923.742606999906
2023-05-09 15:00:00,40919.94100699991
2023-05-09 15:15:00,40931.4610069999
2023-05-09 15:30:00,40942.9426069999
2023-05-09 15:45:00,40992.901006999906
2023-05-09 16:00:00,40981.3810069999
2023-05-10 09:30:00,41464.6718869999
2023-05-10 09:45:00,41464.6718869999
2023-05-10 10:00:00,41464.6718869999
2023-05-10 10:15:00,41464.6718869999
2023-05-10 10:30:00,41464.6718869999
2023-05-10 10:45:00,41464.6718869999
2023-05-10 11:00:00,41464.6718869999
2023-05-10 11:15:00,41464.6718869999
2023-05-10 11:30:00,41464.6718869999
2023-05-10 11:45:00,41464.6718869999
2023-05-10 12:00:00,41464.6718869999
2023-05-10 12:15:00,41464.6718869999
2023-05-10 12:30:00,41464.6718869999
2023-05-10 12:45:00,41464.6718869999
2023-05-10 13:00:00,41464.6718869999
2023-05-10 13:15:00,41464.6718869999
2023-05-10 13:30:00,41464.6718869999
2023-05-10 13:45:00,41464.6718869999
2023-05-10 14:00:00,41464.6718869999
2023-05-10 14:15:00,41464.6718869999
2023-05-10 14:30:00,41464.6718869999
2023-05-10 14:45:00,41464.6718869999
2023-05-10 15:00:00,41464.6718869999
2023-05-10 15:15:00,41464.6718869999
2023-05-10 15:30:00,41464.6718869999
2023-05-10 15:45:00,41464.6718869999
2023-05-10 16:00:00,41464.6718869999
2023-05-11 09:30:00,41464.6718869999
2023-05-11 09:45:00,41464.6718869999
2023-05-11 10:00:00,41464.6718869999
2023-05-11 10:15:00,41464.6718869999
2023-05-11 10:30:00,41464.6718869999
2023-05-11 10:45:00,41464.6718869999
2023-05-11 11:00:00,41464.6718869999
2023-05-11 11:15:00,41464.6718869999
2023-05-11 11:30:00,41464.6718869999
2023-05-11 11:45:00,41464.6718869999
2023-05-11 12:00:00,41464.6718869999
2023-05-11 12:15:00,41464.6718869999
2023-05-11 12:30:00,41464.6718869999
2023-05-11 12:45:00,41464.6718869999
2023-05-11 13:00:00,41464.6718869999
2023-05-11 13:15:00,41464.6718869999
2023-05-11 13:30:00,41464.6718869999
2023-05-11 13:45:00,41464.6718869999
2023-05-11 14:00:00,41464.6718869999
2023-05-11 14:15:00,41464.6718869999
2023-05-11 14:30:00,41464.6718869999
2023-05-11 14:45:00,41464.6718869999
2023-05-11 15:00:00,41464.6718869999
2023-05-11 15:15:00,41464.6718869999
2023-05-11 15:30:00,41464.6718869999
2023-05-11 15:45:00,41464.6718869999
2023-05-11 16:00:00,41464.6718869999
2023-05-12 09:30:00,41055.4783869999
2023-05-12 09:45:00,40808.0883869999
2023-05-12 10:00:00,40727.314686999904
2023-05-12 10:15:00,40830.57838699991
2023-05-12 10:30:00,40741.4833869999
2023-05-12 10:45:00,40745.8083869999
2023-05-12 11:00:00,40757.9183869999
2023-05-12 11:15:00,40669.6883869999
2023-05-12 11:30:00,40669.6883869999
2023-05-12 11:45:00,40762.6585869999
2023-05-12 12:00:00,40626.4383869999
2023-05-12 12:15:00,40491.498386999905
2023-05-12 12:30:00,40389.63598699991
2023-05-12 12:45:00,40374.5503869999
2023-05-12 13:00:00,40415.3783869999
2023-05-12 13:15:00,40458.6283869999
2023-05-12 13:30:00,40513.9883869999
2023-05-12 13:45:00,40401.5383869999
2023-05-12 14:00:00,40364.343386999906
2023-05-12 14:15:00,40406.7283869999
2023-05-12 14:30:00,40453.4383869999
2023-05-12 14:45:00,40513.123386999905
2023-05-12 15:00:00,40442.193386999905
2023-05-12 15:15:00,40508.7983869999
2023-05-12 15:30:00,40650.6583869999
2023-05-12 15:45:00,40688.718386999906
2023-05-12 16:00:00,40600.4883869999
2023-05-15 09:30:00,41247.5083869999
2023-05-15 09:45:00,40993.1983869999
2023-05-15 10:00:00,40989.7383869999
2023-05-15 10:15:00,41145.4556869999
2023-05-15 10:30:00,41308.0583869999
2023-05-15 10:45:00,41267.403386999904
2023-05-15 11:00:00,41392.82838699991
2023-05-15 11:15:00,41064.2008139999
2023-05-15 11:30:00,41064.2008139999
2023-05-15 11:45:00,41064.2008139999
2023-05-15 12:00:00,41064.2008139999
2023-05-15 12:15:00,41064.2008139999
2023-05-15 12:30:00,41064.2008139999
2023-05-15 12:45:00,41064.2008139999
2023-05-15 13:00:00,41064.2008139999
2023-05-15 13:15:00,41064.2008139999
2023-05-15 13:30:00,41064.2008139999
2023-05-15 13:45:00,41064.2008139999
2023-05-15 14:00:00,41064.2008139999
2023-05-15 14:15:00,41064.2008139999
2023-05-15 14:30:00,41064.2008139999
2023-05-15 14:45:00,41064.2008139999
2023-05-15 15:00:00,41064.2008139999
2023-05-15 15:15:00,41064.2008139999
2023-05-15 15:30:00,41064.2008139999
2023-05-15 15:45:00,41064.2008139999
2023-05-15 16:00:00,41064.2008139999
2023-05-16 09:30:00,41064.2008139999
2023-05-16 09:45:00,41064.2008139999
2023-05-16 10:00:00,41064.2008139999
2023-05-16 10:15:00,41064.2008139999
2023-05-16 10:30:00,41064.2008139999
2023-05-16 10:45:00,40659.68881399991
2023-05-16 11:00:00,40641.62881399991
2023-05-16 11:15:00,40743.5388139999
2023-05-16 11:30:00,40660.5144139999
2023-05-16 11:45:00,40755.148813999906
2023-05-16 12:00:00,40730.6388139999
2023-05-16 12:15:00,40706.12881399991
2023-05-16 12:30:00,40708.7088139999
2023-05-16 12:45:00,40672.5888139999
2023-05-16 13:00:00,40685.4888139999
2023-05-16 13:15:00,40654.5288139999
2023-05-16 13:30:00,40686.1338139999
2023-05-16 13:45:00,40733.218813999905
2023-05-16 14:00:00,40684.3395139999
2023-05-16 14:15:00,40658.9595139999
2023-05-16 14:30:00,40629.2202139999
2023-05-16 14:45:00,40648.6395139999
2023-05-16 15:00:00,40682.144513999905
2023-05-16 15:15:00,40723.188613999904
2023-05-16 15:30:00,40697.449513999905
2023-05-16 15:45:00,40521.8695139999
2023-05-16 16:00:00,40519.4995139999
2023-05-17 09:30:00,40642.9195139999
2023-05-17 09:45:00,40520.019513999905
2023-05-17 10:00:00,40479.7013139999
2023-05-17 10:15:00,40453.0645139999
2023-05-17 10:30:00,40519.4295139999
2023-05-17 10:45:00,40527.239513999906
2023-05-17 11:00:00,40505.1437139999
2023-05-17 11:15:00,40488.6095139999
2023-05-17 11:30:00,40550.66951399991
2023-05-17 11:45:00,40593.2395139999
2023-05-17 12:00:00,40549.4016139999
2023-05-17 12:15:00,40606.13951399991
2023-05-17 12:30:00,40683.8895139999
2023-05-17 12:45:00,40674.354513999904
2023-05-17 13:00:00,40715.059513999906
2023-05-17 13:15:00,40773.483513999905
2023-05-17 13:30:00,40795.501913999906
2023-05-17 13:45:00,40807.3478139999
2023-05-17 14:00:00,40771.3845139999
2023-05-17 14:15:00,40789.9845139999
2023-05-17 14:30:00,40740.9295139999
2023-05-17 14:45:00,40712.47951399991
2023-05-17 15:00:00,40772.4995139999
2023-05-17 15:15:00,40771.784513999904
2023-05-17 15:30:00,40742.7945139999
2023-05-17 15:45:00,40812.6645139999
2023-05-17 16:00:00,40811.949513999905
2023-05-18 09:30:00,40875.91951399991
2023-05-18 09:45:00,40982.77951399989
2023-05-18 10:00:00,40954.46951399991
2023-05-18 10:15:00,40690.4085859999
2023-05-18 10:30:00,40690.5835859999
2023-05-18 10:45:00,40690.338585999896
2023-05-18 11:00:00,40690.6185859999
2023-05-18 11:15:00,40690.7235859999
2023-05-18 11:30:00,40690.7935859999
2023-05-18 11:45:00,40690.8635859999
2023-05-18 12:00:00,40690.4085859999
2023-05-18 12:15:00,40690.2685859999
2023-05-18 12:30:00,40690.1985859999
2023-05-18 12:45:00,40690.2335859999
2023-05-18 13:00:00,40690.3042859999
2023-05-18 13:15:00,40690.1985859999
2023-05-18 13:30:00,40289.9955859999
2023-05-18 13:45:00,40202.89348599991
2023-05-18 14:00:00,40221.40058599991
2023-05-18 14:15:00,40269.63058599991
2023-05-18 14:30:00,40333.38548599991
2023-05-18 14:45:00,40342.08058599992
2023-05-18 15:00:00,40304.30118599991
2023-05-18 15:15:00,40359.43058599991
2023-05-18 15:30:00,40455.75058599991
2023-05-18 15:45:00,40490.13558599991
2023-05-18 16:00:00,40504.155585999906
2023-05-19 09:30:00,40647.830185999905
2023-05-19 09:45:00,40299.27128599991
2023-05-19 10:00:00,40298.92058599991
2023-05-19 10:15:00,40299.445585999914
2023-05-19 10:30:00,40299.02558599991
2023-05-19 10:45:00,40298.99058599991
2023-05-19 11:00:00,40299.06128599991
2023-05-19 11:15:00,40299.13058599991
2023-05-19 11:30:00,40299.13058599991
2023-05-19 11:45:00,40298.99058599991
2023-05-19 12:00:00,40298.88558599991
2023-05-19 12:15:00,40298.85058599991
2023-05-19 12:30:00,40298.92058599991
2023-05-19 12:45:00,40295.47058599991
2023-05-19 13:00:00,40295.47058599991
2023-05-19 13:15:00,40295.47058599991
2023-05-19 13:30:00,40295.47058599991
2023-05-19 13:45:00,40295.47058599991
2023-05-19 14:00:00,40295.47058599991
2023-05-19 14:15:00,40295.47058599991
2023-05-19 14:30:00,40295.47058599991
2023-05-19 14:45:00,40295.47058599991
2023-05-19 15:00:00,40295.47058599991
2023-05-19 15:15:00,40295.47058599991
2023-05-19 15:30:00,40295.47058599991
2023-05-19 15:45:00,40295.47058599991
2023-05-19 16:00:00,40295.47058599991
2023-05-22 09:30:00,40295.47058599991
2023-05-22 09:45:00,40295.47058599991
2023-05-22 10:00:00,39891.88498599992
2023-05-22 10:15:00,39861.52498599992
2023-05-22 10:30:00,39881.76498599991
2023-05-22 10:45:00,39866.58498599991
2023-05-22 11:00:00,39846.34498599992
2023-05-22 11:15:00,39846.34498599992
2023-05-22 11:30:00,39805.86498599991
2023-05-22 11:45:00,39805.86498599991
2023-05-22 12:00:00,39826.10498599991
2023-05-22 12:15:00,39821.04498599991
2023-05-22 12:30:00,39831.164985999916
2023-05-22 12:45:00,39836.224985999914
2023-05-22 13:00:00,39810.92498599991
2023-05-22 13:15:00,39821.04498599991
2023-05-22 13:30:00,39836.224985999914
2023-05-22 13:45:00,39851.404985999914
2023-05-22 14:00:00,39851.404985999914
2023-05-22 14:15:00,39856.46498599991
2023-05-22 14:30:00,39861.52498599992
2023-05-22 14:45:00,39856.46498599991
2023-05-22 15:00:00,39833.79618599991
2023-05-22 15:15:00,39821.04498599991
2023-05-22 15:30:00,39815.98498599991
2023-05-22 15:45:00,39800.80498599991
2023-05-22 16:00:00,39821.04498599991
2023-05-23 09:30:00,39466.84498599992
2023-05-23 09:45:00,39466.84498599992
2023-05-23 10:00:00,39517.54618599991
2023-05-23 10:15:00,39537.68498599991
2023-05-23 10:30:00,39532.62498599991
2023-05-23 10:45:00,39507.32498599991
2023-05-23 11:00:00,39487.08498599991
2023-05-23 11:15:00,39507.32498599991
2023-05-23 11:30:00,39547.80498599991
2023-05-23 11:45:00,39517.44498599991
2023-05-23 12:00:00,39476.05418599991
2023-05-23 12:15:00,39436.48498599991
2023-05-23 12:30:00,39385.88498599992
2023-05-23 12:45:00,39411.18498599991
2023-05-23 13:00:00,39431.42498599991
2023-05-23 13:15:00,39375.76498599991
2023-05-23 13:30:00,39385.88498599992
2023-05-23 13:45:00,39365.64498599991
2023-05-23 14:00:00,39355.52498599992
2023-05-23 14:15:00,39274.56498599992
2023-05-23 14:30:00,39264.44498599991
2023-05-23 14:45:00,39279.62498599991
2023-05-23 15:00:00,39284.68498599991
2023-05-23 15:15:00,39234.08498599991
2023-05-23 15:30:00,39193.60498599991
2023-05-23 15:45:00,39183.48498599991
2023-05-23 16:00:00,39244.20498599992
2023-05-24 09:30:00,39056.98498599991
2023-05-24 09:45:00,39001.32498599991
2023-05-24 10:00:00,38991.20498599992
2023-05-24 10:15:00,38561.56038599992
2023-05-24 10:30:00,38561.56038599992
2023-05-24 10:45:00,38561.56038599992
2023-05-24 11:00:00,38561.56038599992
2023-05-24 11:15:00,38561.56038599992
2023-05-24 11:30:00,38561.56038599992
2023-05-24 11:45:00,38561.56038599992
2023-05-24 12:00:00,38561.56038599992
2023-05-24 12:15:00,38561.56038599992
2023-05-24 12:30:00,38561.56038599992
2023-05-24 12:45:00,38561.56038599992
2023-05-24 13:00:00,38561.56038599992
2023-05-24 13:15:00,38561.56038599992
2023-05-24 13:30:00,38561.56038599992
2023-05-24 13:45:00,38561.56038599992
2023-05-24 14:00:00,38561.56038599992
2023-05-24 14:15:00,38561.56038599992
2023-05-24 14:30:00,38561.56038599992
2023-05-24 14:45:00,38561.56038599992
2023-05-24 15:00:00,38561.56038599992
2023-05-24 15:15:00,38561.56038599992
2023-05-24 15:30:00,38561.56038599992
2023-05-24 15:45:00,38561.56038599992
2023-05-24 16:00:00,38561.56038599992
2023-05-25 09:30:00,38561.56038599992
2023-05-25 09:45:00,38561.56038599992
2023-05-25 10:00:00,38561.56038599992
2023-05-25 10:15:00,38561.56038599992
2023-05-25 10:30:00,38561.56038599992
2023-05-25 10:45:00,38561.56038599992
2023-05-25 11:00:00,38561.56038599992
2023-05-25 11:15:00,38561.56038599992
2023-05-25 11:30:00,38561.56038599992
2023-05-25 11:45:00,38561.56038599992
2023-05-25 12:00:00,38561.56038599992
2023-05-25 12:15:00,38179.88918599992
2023-05-25 12:30:00,38130.74918599992
2023-05-25 12:45:00,38085.16598599992
2023-05-25 13:00:00,38109.689185999916
2023-05-25 13:15:00,38184.56918599991
2023-05-25 13:30:00,38183.399185999915
2023-05-25 13:45:00,38193.92918599992
2023-05-25 14:00:00,38250.58058599992
2023-05-25 14:15:00,38237.21918599992
2023-05-25 14:30:00,38155.31918599991
2023-05-25 14:45:00,38115.632785999915
2023-05-25 15:00:00,38232.539185999914
2023-05-25 15:15:00,38295.71918599992
2023-05-25 15:30:00,38328.47918599992
2023-05-25 15:45:00,38250.08918599992
2023-05-25 16:00:00,38245.40918599992
2023-05-26 09:30:00,38260.03418599992
2023-05-26 09:45:00,38447.234185999914
2023-05-26 10:00:00,38427.92918599992
2023-05-26 10:15:00,38251.11328599991
2023-05-26 10:30:00,38251.11328599991
2023-05-26 10:45:00,38251.11328599991
2023-05-26 11:00:00,38251.11328599991
2023-05-26 11:15:00,37871.61643599992
2023-05-26 11:30:00,37888.83143599991
2023-05-26 11:45:00,37697.90143599991
2023-05-26 12:00:00,37949.14653599991
2023-05-26 12:15:00,37862.91503599991
2023-05-26 12:30:00,37920.131435999916
2023-05-26 12:45:00,37982.73143599991
2023-05-26 13:00:00,38081.326435999916
2023-05-26 13:15:00,37935.78143599991
2023-05-26 13:30:00,37885.701435999916
2023-05-26 13:45:00,37880.881235999914
2023-05-26 14:00:00,37863.38453599991
2023-05-26 14:15:00,37937.34643599991
2023-05-26 14:30:00,37860.66143599991
2023-05-26 14:45:00,37922.97973599991
2023-05-26 15:00:00,37851.20883599991
2023-05-26 15:15:00,37711.32913599991
2023-05-26 15:30:00,37629.04143599991
2023-05-26 15:45:00,37663.47143599991
2023-05-26 16:00:00,37738.59143599991
2023-05-30 09:30:00,38039.07143599991
2023-05-30 09:45:00,37888.83143599991
2023-05-30 10:00:00,37871.71033599991
2023-05-30 10:15:00,37871.71033599991
2023-05-30 10:30:00,37871.71033599991
2023-05-30 10:45:00,37871.71033599991
2023-05-30 11:00:00,37871.71033599991
2023-05-30 11:15:00,37871.71033599991
2023-05-30 11:30:00,37871.71033599991
2023-05-30 11:45:00,37871.71033599991
2023-05-30 12:00:00,37871.71033599991
2023-05-30 12:15:00,37871.71033599991
2023-05-30 12:30:00,37871.71033599991
2023-05-30 12:45:00,37871.71033599991
2023-05-30 13:00:00,37871.71033599991
2023-05-30 13:15:00,37871.71033599991
2023-05-30 13:30:00,37871.71033599991
2023-05-30 13:45:00,37871.71033599991
2023-05-30 14:00:00,37871.71033599991
2023-05-30 14:15:00,37871.71033599991
2023-05-30 14:30:00,37871.71033599991
2023-05-30 14:45:00,37871.71033599991
2023-05-30 15:00:00,37871.71033599991
2023-05-30 15:15:00,37871.71033599991
2023-05-30 15:30:00,37871.71033599991
2023-05-30 15:45:00,37871.71033599991
2023-05-30 16:00:00,37871.71033599991
2023-05-31 09:30:00,37871.71033599991
2023-05-31 09:45:00,37871.71033599991
2023-05-31 10:00:00,37871.71033599991
2023-05-31 10:15:00,37871.71033599991
2023-05-31 10:30:00,37871.71033599991
2023-05-31 10:45:00,37871.71033599991
2023-05-31 11:00:00,37871.71033599991
2023-05-31 11:15:00,37871.71033599991
2023-05-31 11:30:00,37871.71033599991
2023-05-31 11:45:00,37871.71033599991
2023-05-31 12:00:00,37871.71033599991
2023-05-31 12:15:00,37871.71033599991
2023-05-31 12:30:00,37871.71033599991
2023-05-31 12:45:00,37871.71033599991
2023-05-31 13:00:00,37871.71033599991
2023-05-31 13:15:00,37871.71033599991
2023-05-31 13:30:00,37871.71033599991
2023-05-31 13:45:00,37871.71033599991
2023-05-31 14:00:00,37871.71033599991
2023-05-31 14:15:00,37871.71033599991
2023-05-31 14:30:00,37871.71033599991
2023-05-31 14:45:00,37871.71033599991
2023-05-31 15:00:00,37871.71033599991
2023-05-31 15:15:00,37871.71033599991
2023-05-31 15:30:00,37871.71033599991
2023-05-31 15:45:00,37871.71033599991
2023-05-31 16:00:00,37871.71033599991
2023-06-01 09:30:00,37871.71033599991
2023-06-01 09:45:00,37871.71033599991
2023-06-01 10:00:00,37871.71033599991
2023-06-01 10:15:00,37871.71033599991
2023-06-01 10:30:00,37871.71033599991
2023-06-01 10:45:00,37871.71033599991
2023-06-01 11:00:00,37871.71033599991
2023-06-01 11:15:00,37871.71033599991
2023-06-01 11:30:00,37871.71033599991
2023-06-01 11:45:00,37871.71033599991
2023-06-01 12:00:00,37871.71033599991
2023-06-01 12:15:00,37871.71033599991
2023-06-01 12:30:00,37871.71033599991
2023-06-01 12:45:00,37871.71033599991
2023-06-01 13:00:00,37871.71033599991
2023-06-01 13:15:00,37871.71033599991
2023-06-01 13:30:00,37871.71033599991
2023-06-01 13:45:00,37871.71033599991
2023-06-01 14:00:00,37871.71033599991
2023-06-01 14:15:00,37871.71033599991
2023-06-01 14:30:00,37871.71033599991
2023-06-01 14:45:00,37871.71033599991
2023-06-01 15:00:00,37871.71033599991
2023-06-01 15:15:00,37871.71033599991
2023-06-01 15:30:00,37871.71033599991
2023-06-01 15:45:00,37871.71033599991
2023-06-01 16:00:00,37871.71033599991
2023-06-02 09:30:00,37495.85764799991
2023-06-02 09:45:00,37489.1488479999
2023-06-02 10:00:00,37583.228847999904
2023-06-02 10:15:00,37569.78884799991
2023-06-02 10:30:00,37597.78884799991
2023-06-02 10:45:00,37636.988847999906
2023-06-02 11:00:00,37713.1488479999
2023-06-02 11:15:00,37750.1088479999
2023-06-02 11:30:00,37729.948847999905
2023-06-02 11:45:00,37760.1888479999
2023-06-02 12:00:00,37756.268847999905
2023-06-02 12:15:00,37779.228847999904
2023-06-02 12:30:00,37781.4800479999
2023-06-02 12:45:00,37838.588847999905
2023-06-02 13:00:00,37807.9792479999
2023-06-02 13:15:00,37858.74884799991
2023-06-02 13:30:00,37836.34884799991
2023-06-02 13:45:00,37864.34884799991
2023-06-02 14:00:00,37841.948847999905
2023-06-02 14:15:00,37492.57284799991
2023-06-02 14:30:00,37492.57284799991
2023-06-02 14:45:00,37492.57284799991
2023-06-02 15:00:00,37492.57284799991
2023-06-02 15:15:00,37492.57284799991
2023-06-02 15:30:00,37492.57284799991
2023-06-02 15:45:00,37492.57284799991
2023-06-02 16:00:00,37492.57284799991
2023-06-05 09:30:00,37492.57284799991
2023-06-05 09:45:00,37492.57284799991
2023-06-05 10:00:00,37492.57284799991
2023-06-05 10:15:00,37492.57284799991
2023-06-05 10:30:00,37492.57284799991
2023-06-05 10:45:00,37492.57284799991
2023-06-05 11:00:00,37492.57284799991
2023-06-05 11:15:00,37492.57284799991
2023-06-05 11:30:00,37492.57284799991
2023-06-05 11:45:00,37492.57284799991
2023-06-05 12:00:00,37492.57284799991
2023-06-05 12:15:00,37492.57284799991
2023-06-05 12:30:00,37492.57284799991
2023-06-05 12:45:00,37492.57284799991
2023-06-05 13:00:00,37492.57284799991
2023-06-05 13:15:00,37492.57284799991
2023-06-05 13:30:00,37492.57284799991
2023-06-05 13:45:00,37492.57284799991
2023-06-05 14:00:00,37492.57284799991
2023-06-05 14:15:00,37492.57284799991
2023-06-05 14:30:00,37492.57284799991
2023-06-05 14:45:00,37492.57284799991
2023-06-05 15:00:00,37492.57284799991
2023-06-05 15:15:00,37492.57284799991
2023-06-05 15:30:00,37492.57284799991
2023-06-05 15:45:00,37492.57284799991
2023-06-05 16:00:00,37492.57284799991
2023-06-06 09:30:00,37492.57284799991
2023-06-06 09:45:00,37492.57284799991
2023-06-06 10:00:00,37492.57284799991
2023-06-06 10:15:00,37492.57284799991
2023-06-06 10:30:00,37492.57284799991
2023-06-06 10:45:00,37492.57284799991
2023-06-06 11:00:00,37492.57284799991
2023-06-06 11:15:00,37492.57284799991
2023-06-06 11:30:00,37492.57284799991
2023-06-06 11:45:00,37492.57284799991
2023-06-06 12:00:00,37492.57284799991
2023-06-06 12:15:00,37492.57284799991
2023-06-06 12:30:00,37492.57284799991
2023-06-06 12:45:00,37492.57284799991
2023-06-06 13:00:00,37492.57284799991
2023-06-06 13:15:00,37492.57284799991
2023-06-06 13:30:00,37492.57284799991
2023-06-06 13:45:00,37492.57284799991
2023-06-06 14:00:00,37492.57284799991
2023-06-06 14:15:00,37492.57284799991
2023-06-06 14:30:00,37492.57284799991
2023-06-06 14:45:00,37492.57284799991
2023-06-06 15:00:00,37492.57284799991
2023-06-06 15:15:00,37492.57284799991
2023-06-06 15:30:00,37492.57284799991
2023-06-06 15:45:00,37492.57284799991
2023-06-06 16:00:00,37492.57284799991
2023-06-07 09:30:00,37492.57284799991
2023-06-07 09:45:00,37492.57284799991
2023-06-07 10:00:00,37492.57284799991
2023-06-07 10:15:00,37492.57284799991
2023-06-07 10:30:00,37492.57284799991
2023-06-07 10:45:00,37492.57284799991
2023-06-07 11:00:00,37492.57284799991
2023-06-07 11:15:00,37492.57284799991
2023-06-07 11:30:00,37492.57284799991
2023-06-07 11:45:00,37492.57284799991
2023-06-07 12:00:00,37492.57284799991
2023-06-07 12:15:00,37492.57284799991
2023-06-07 12:30:00,37492.57284799991
2023-06-07 12:45:00,37492.57284799991
2023-06-07 13:00:00,37492.57284799991
2023-06-07 13:15:00,37492.57284799991
2023-06-07 13:30:00,37492.57284799991
2023-06-07 13:45:00,37492.57284799991
2023-06-07 14:00:00,37492.57284799991
2023-06-07 14:15:00,37492.57284799991
2023-06-07 14:30:00,37492.57284799991
2023-06-07 14:45:00,37492.57284799991
2023-06-07 15:00:00,37492.57284799991
2023-06-07 15:15:00,37492.57284799991
2023-06-07 15:30:00,37492.57284799991
2023-06-07 15:45:00,37492.57284799991
2023-06-07 16:00:00,37492.57284799991
2023-06-08 09:30:00,37492.57284799991
2023-06-08 09:45:00,37492.57284799991
2023-06-08 10:00:00,37492.57284799991
2023-06-08 10:15:00,37492.57284799991
2023-06-08 10:30:00,37492.57284799991
2023-06-08 10:45:00,37492.57284799991
2023-06-08 11:00:00,37492.57284799991
2023-06-08 11:15:00,37492.57284799991
2023-06-08 11:30:00,37492.57284799991
2023-06-08 11:45:00,37492.57284799991
2023-06-08 12:00:00,37492.57284799991
2023-06-08 12:15:00,37492.57284799991
2023-06-08 12:30:00,37492.57284799991
2023-06-08 12:45:00,37492.57284799991
2023-06-08 13:00:00,37492.57284799991
2023-06-08 13:15:00,37492.57284799991
2023-06-08 13:30:00,37492.57284799991
2023-06-08 13:45:00,37492.57284799991
2023-06-08 14:00:00,37492.57284799991
2023-06-08 14:15:00,37492.57284799991
2023-06-08 14:30:00,37492.57284799991
2023-06-08 14:45:00,37492.57284799991
2023-06-08 15:00:00,37492.57284799991
2023-06-08 15:15:00,37492.57284799991
2023-06-08 15:30:00,37492.57284799991
2023-06-08 15:45:00,37492.57284799991
2023-06-08 16:00:00,37492.57284799991
2023-06-09 09:30:00,37492.57284799991
2023-06-09 09:45:00,37492.57284799991
2023-06-09 10:00:00,37492.57284799991
2023-06-09 10:15:00,37492.57284799991
2023-06-09 10:30:00,37492.57284799991
2023-06-09 10:45:00,37492.57284799991
2023-06-09 11:00:00,37492.57284799991
2023-06-09 11:15:00,37492.57284799991
2023-06-09 11:30:00,37492.57284799991
2023-06-09 11:45:00,37492.57284799991
2023-06-09 12:00:00,37492.57284799991
2023-06-09 12:15:00,37120.21344799991
2023-06-09 12:30:00,37093.273447999905
2023-06-09 12:45:00,37161.85344799991
2023-06-09 13:00:00,37192.273447999905
2023-06-09 13:15:00,37237.273447999905
2023-06-09 13:30:00,37301.53344799991
2023-06-09 13:45:00,37375.273447999905
2023-06-09 14:00:00,37279.90344799991
2023-06-09 14:15:00,37284.46344799991
2023-06-09 14:30:00,37231.273447999905
2023-06-09 14:45:00,37264.75344799991
2023-06-09 15:00:00,37150.273447999905
2023-06-09 15:15:00,37148.773447999905
2023-06-09 15:30:00,37121.773447999905
2023-06-09 15:45:00,37069.273447999905
2023-06-09 16:00:00,37042.273447999905
2023-06-12 09:30:00,37384.273447999905
2023-06-12 09:45:00,37453.273447999905
2023-06-12 10:00:00,37417.273447999905
2023-06-12 10:15:00,37483.303447999904
2023-06-12 10:30:00,37162.22844799991
2023-06-12 10:45:00,37162.22844799991
2023-06-12 11:00:00,37162.22844799991
2023-06-12 11:15:00,37162.22844799991
2023-06-12 11:30:00,37162.22844799991
2023-06-12 11:45:00,37162.22844799991
2023-06-12 12:00:00,37162.22844799991
2023-06-12 12:15:00,37162.22844799991
2023-06-12 12:30:00,37162.22844799991
2023-06-12 12:45:00,37162.22844799991
2023-06-12 13:00:00,37162.22844799991
2023-06-12 13:15:00,36793.344847999906
2023-06-12 13:30:00,36861.9648479999
2023-06-12 13:45:00,36876.56484799991
2023-06-12 14:00:00,36848.8248479999
2023-06-12 14:15:00,36822.42804799991
2023-06-12 14:30:00,36895.54484799991
2023-06-12 14:45:00,36984.60484799991
2023-06-12 15:00:00,37024.024847999906
2023-06-12 15:15:00,36967.084847999904
2023-06-12 15:30:00,36905.764847999904
2023-06-12 15:45:00,37035.70484799991
2023-06-12 16:00:00,37009.4248479999
2023-06-13 09:30:00,37132.03564799991
2023-06-13 09:45:00,36997.74484799991
2023-06-13 10:00:00,36682.38484799991
2023-06-13 10:15:00,36734.9740479999
2023-06-13 10:30:00,36881.090847999905
2023-06-13 10:45:00,36971.4648479999
2023-06-13 11:00:00,37120.38484799991
2023-06-13 11:15:00,37149.584847999904
2023-06-13 11:30:00,36791.592847999906
2023-06-13 11:45:00,36791.592847999906
2023-06-13 12:00:00,36791.592847999906
2023-06-13 12:15:00,36791.592847999906
2023-06-13 12:30:00,36791.592847999906
2023-06-13 12:45:00,36791.592847999906
2023-06-13 13:00:00,36791.592847999906
2023-06-13 13:15:00,36791.592847999906
2023-06-13 13:30:00,36791.592847999906
2023-06-13 13:45:00,36427.64044799991
2023-06-13 14:00:00,36359.30044799991
2023-06-13 14:15:00,36315.080447999906
2023-06-13 14:30:00,36252.10044799991
2023-06-13 14:45:00,36376.720447999905
2023-06-13 15:00:00,36425.8582479999
2023-06-13 15:15:00,36423.62044799991
2023-06-13 15:30:00,36439.0304479999
2023-06-13 15:45:00,36489.2804479999
2023-06-13 16:00:00,36489.2804479999
2023-06-14 09:30:00,36736.24244799991
2023-06-14 09:45:00,36438.45254799991
2023-06-14 10:00:00,36438.45254799991
2023-06-14 10:15:00,36438.45254799991
2023-06-14 10:30:00,36438.45254799991
2023-06-14 10:45:00,36438.45254799991
2023-06-14 11:00:00,36438.45254799991
2023-06-14 11:15:00,36438.45254799991
2023-06-14 11:30:00,36438.45254799991
2023-06-14 11:45:00,36438.45254799991
2023-06-14 12:00:00,36438.45254799991
2023-06-14 12:15:00,36438.45254799991
2023-06-14 12:30:00,36438.45254799991
2023-06-14 12:45:00,36438.45254799991
2023-06-14 13:00:00,36438.45254799991
2023-06-14 13:15:00,36438.45254799991
2023-06-14 13:30:00,36438.45254799991
2023-06-14 13:45:00,36438.45254799991
2023-06-14 14:00:00,36438.45254799991
2023-06-14 14:15:00,36438.45254799991
2023-06-14 14:30:00,36438.45254799991
2023-06-14 14:45:00,36438.45254799991
2023-06-14 15:00:00,36438.45254799991
2023-06-14 15:15:00,36438.45254799991
2023-06-14 15:30:00,36438.45254799991
2023-06-14 15:45:00,36438.45254799991
2023-06-14 16:00:00,36438.45254799991
2023-06-15 09:30:00,36438.45254799991
2023-06-15 09:45:00,36438.45254799991
2023-06-15 10:00:00,36438.45254799991
2023-06-15 10:15:00,36438.45254799991
2023-06-15 10:30:00,36438.45254799991
2023-06-15 10:45:00,36438.45254799991
2023-06-15 11:00:00,36438.45254799991
2023-06-15 11:15:00,36438.45254799991
2023-06-15 11:30:00,36438.45254799991
2023-06-15 11:45:00,36438.45254799991
2023-06-15 12:00:00,36438.45254799991
2023-06-15 12:15:00,36438.45254799991
2023-06-15 12:30:00,36438.45254799991
2023-06-15 12:45:00,36438.45254799991
2023-06-15 13:00:00,36438.45254799991
2023-06-15 13:15:00,36438.45254799991
2023-06-15 13:30:00,36438.45254799991
2023-06-15 13:45:00,36438.45254799991
2023-06-15 14:00:00,36438.45254799991
2023-06-15 14:15:00,36438.45254799991
2023-06-15 14:30:00,36438.45254799991
2023-06-15 14:45:00,36438.45254799991
2023-06-15 15:00:00,36438.45254799991
2023-06-15 15:15:00,36438.45254799991
2023-06-15 15:30:00,36438.45254799991
2023-06-15 15:45:00,36438.45254799991
2023-06-15 16:00:00,36438.45254799991
2023-06-16 09:30:00,36438.45254799991
2023-06-16 09:45:00,36438.45254799991
2023-06-16 10:00:00,36438.45254799991
2023-06-16 10:15:00,36438.45254799991
2023-06-16 10:30:00,36438.45254799991
2023-06-16 10:45:00,36438.45254799991
2023-06-16 11:00:00,36438.45254799991
2023-06-16 11:15:00,36438.45254799991
2023-06-16 11:30:00,36438.45254799991
2023-06-16 11:45:00,36438.45254799991
2023-06-16 12:00:00,36438.45254799991
2023-06-16 12:15:00,36438.45254799991
2023-06-16 12:30:00,36438.45254799991
2023-06-16 12:45:00,36438.45254799991
2023-06-16 13:00:00,36438.45254799991
2023-06-16 13:15:00,36438.45254799991
2023-06-16 13:30:00,36438.45254799991
2023-06-16 13:45:00,36438.45254799991
2023-06-16 14:00:00,36438.45254799991
2023-06-16 14:15:00,36438.45254799991
2023-06-16 14:30:00,36438.45254799991
2023-06-16 14:45:00,36438.45254799991
2023-06-16 15:00:00,36438.45254799991
2023-06-16 15:15:00,36438.45254799991
2023-06-16 15:30:00,36438.45254799991
2023-06-16 15:45:00,36438.45254799991
2023-06-16 16:00:00,36438.45254799991
2023-06-20 09:30:00,36438.45254799991
2023-06-20 09:45:00,36438.45254799991
2023-06-20 10:00:00,36438.45254799991
2023-06-20 10:15:00,36438.45254799991
2023-06-20 10:30:00,36438.45254799991
2023-06-20 10:45:00,36438.45254799991
2023-06-20 11:00:00,36438.45254799991
2023-06-20 11:15:00,36438.45254799991
2023-06-20 11:30:00,36438.45254799991
2023-06-20 11:45:00,36438.45254799991
2023-06-20 12:00:00,36438.45254799991
2023-06-20 12:15:00,36438.45254799991
2023-06-20 12:30:00,36438.45254799991
2023-06-20 12:45:00,36438.45254799991
2023-06-20 13:00:00,36438.45254799991
2023-06-20 13:15:00,36438.45254799991
2023-06-20 13:30:00,36438.45254799991
2023-06-20 13:45:00,36438.45254799991
2023-06-20 14:00:00,36438.45254799991
2023-06-20 14:15:00,36438.45254799991
2023-06-20 14:30:00,36438.45254799991
2023-06-20 14:45:00,36438.45254799991
2023-06-20 15:00:00,36438.45254799991
2023-06-20 15:15:00,36438.45254799991
2023-06-20 15:30:00,36438.45254799991
2023-06-20 15:45:00,36438.45254799991
2023-06-20 16:00:00,36438.45254799991
2023-06-21 09:30:00,36438.45254799991
2023-06-21 09:45:00,36438.45254799991
2023-06-21 10:00:00,36438.45254799991
2023-06-21 10:15:00,36438.45254799991
2023-06-21 10:30:00,36438.45254799991
2023-06-21 10:45:00,36438.45254799991
2023-06-21 11:00:00,36438.45254799991
2023-06-21 11:15:00,36438.45254799991
2023-06-21 11:30:00,36438.45254799991
2023-06-21 11:45:00,36438.45254799991
2023-06-21 12:00:00,36438.45254799991
2023-06-21 12:15:00,36438.45254799991
2023-06-21 12:30:00,36438.45254799991
2023-06-21 12:45:00,36438.45254799991
2023-06-21 13:00:00,36438.45254799991
2023-06-21 13:15:00,36438.45254799991
2023-06-21 13:30:00,36438.45254799991
2023-06-21 13:45:00,36438.45254799991
2023-06-21 14:00:00,36438.45254799991
2023-06-21 14:15:00,36438.45254799991
2023-06-21 14:30:00,36438.45254799991
2023-06-21 14:45:00,36438.45254799991
2023-06-21 15:00:00,36438.45254799991
2023-06-21 15:15:00,36438.45254799991
2023-06-21 15:30:00,36438.45254799991
2023-06-21 15:45:00,36438.45254799991
2023-06-21 16:00:00,36438.45254799991
2023-06-22 09:30:00,36438.45254799991
2023-06-22 09:45:00,36438.45254799991
2023-06-22 10:00:00,36438.45254799991
2023-06-22 10:15:00,36438.45254799991
2023-06-22 10:30:00,36438.45254799991
2023-06-22 10:45:00,36438.45254799991
2023-06-22 11:00:00,36438.45254799991
2023-06-22 11:15:00,36438.45254799991
2023-06-22 11:30:00,36438.45254799991
2023-06-22 11:45:00,36438.45254799991
2023-06-22 12:00:00,36438.45254799991
2023-06-22 12:15:00,36438.45254799991
2023-06-22 12:30:00,36438.45254799991
2023-06-22 12:45:00,36077.217297999916
2023-06-22 13:00:00,36067.45229799992
2023-06-22 13:15:00,36142.78229799992
2023-06-22 13:30:00,36162.228597999914
2023-06-22 13:45:00,36153.942297999914
2023-06-22 14:00:00,36045.13229799992
2023-06-22 14:15:00,36045.63449799991
2023-06-22 14:30:00,36044.57429799991
2023-06-22 14:45:00,36252.98729799991
2023-06-22 15:00:00,36254.38229799992
2023-06-22 15:15:00,36226.81709799991
2023-06-22 15:30:00,36385.51229799992
2023-06-22 15:45:00,36396.67229799992
2023-06-22 16:00:00,36098.532897999925
2023-06-23 09:30:00,36098.532897999925
2023-06-23 09:45:00,36098.532897999925
2023-06-23 10:00:00,36098.532897999925
2023-06-23 10:15:00,36098.532897999925
2023-06-23 10:30:00,36098.532897999925
2023-06-23 10:45:00,36098.532897999925
2023-06-23 11:00:00,36098.532897999925
2023-06-23 11:15:00,36098.532897999925
2023-06-23 11:30:00,36098.532897999925
2023-06-23 11:45:00,36098.532897999925
2023-06-23 12:00:00,36098.532897999925
2023-06-23 12:15:00,36098.532897999925
2023-06-23 12:30:00,36098.532897999925
2023-06-23 12:45:00,36098.532897999925
2023-06-23 13:00:00,36098.532897999925
2023-06-23 13:15:00,36098.532897999925
2023-06-23 13:30:00,36098.532897999925
2023-06-23 13:45:00,36098.532897999925
2023-06-23 14:00:00,36098.532897999925
2023-06-23 14:15:00,36098.532897999925
2023-06-23 14:30:00,36098.532897999925
2023-06-23 14:45:00,36098.532897999925
2023-06-23 15:00:00,36098.532897999925
2023-06-23 15:15:00,36098.532897999925
2023-06-23 15:30:00,36098.532897999925
2023-06-23 15:45:00,36098.532897999925
2023-06-23 16:00:00,36098.532897999925
2023-06-26 09:30:00,36098.532897999925
2023-06-26 09:45:00,36098.532897999925
2023-06-26 10:00:00,36098.532897999925
2023-06-26 10:15:00,36098.532897999925
2023-06-26 10:30:00,36098.532897999925
2023-06-26 10:45:00,36098.532897999925
2023-06-26 11:00:00,36098.532897999925
2023-06-26 11:15:00,36098.532897999925
2023-06-26 11:30:00,36098.532897999925
2023-06-26 11:45:00,36098.532897999925
2023-06-26 12:00:00,36098.532897999925
2023-06-26 12:15:00,36098.532897999925
2023-06-26 12:30:00,36098.532897999925
2023-06-26 12:45:00,36098.532897999925
2023-06-26 13:00:00,36098.532897999925
2023-06-26 13:15:00,36098.532897999925
2023-06-26 13:30:00,36098.532897999925
2023-06-26 13:45:00,36098.532897999925
2023-06-26 14:00:00,36098.532897999925
2023-06-26 14:15:00,36098.532897999925
2023-06-26 14:30:00,36098.532897999925
2023-06-26 14:45:00,36098.532897999925
2023-06-26 15:00:00,36098.532897999925
2023-06-26 15:15:00,36098.532897999925
2023-06-26 15:30:00,36098.532897999925
2023-06-26 15:45:00,36098.532897999925
2023-06-26 16:00:00,36098.532897999925
2023-06-27 09:30:00,36098.532897999925
2023-06-27 09:45:00,36098.532897999925
2023-06-27 10:00:00,36098.532897999925
2023-06-27 10:15:00,36098.532897999925
2023-06-27 10:30:00,36098.532897999925
2023-06-27 10:45:00,36098.532897999925
2023-06-27 11:00:00,36098.532897999925
2023-06-27 11:15:00,36098.532897999925
2023-06-27 11:30:00,36098.532897999925
2023-06-27 11:45:00,36098.532897999925
2023-06-27 12:00:00,36098.532897999925
2023-06-27 12:15:00,36098.532897999925
2023-06-27 12:30:00,36098.532897999925
2023-06-27 12:45:00,36098.532897999925
2023-06-27 13:00:00,36098.532897999925
2023-06-27 13:15:00,36098.532897999925
2023-06-27 13:30:00,36098.532897999925
2023-06-27 13:45:00,36098.532897999925
2023-06-27 14:00:00,36098.532897999925
2023-06-27 14:15:00,36098.532897999925
2023-06-27 14:30:00,36098.532897999925
2023-06-27 14:45:00,36098.532897999925
2023-06-27 15:00:00,36098.532897999925
2023-06-27 15:15:00,36098.532897999925
2023-06-27 15:30:00,36098.532897999925
2023-06-27 15:45:00,36098.532897999925
2023-06-27 16:00:00,36098.532897999925
2023-06-28 09:30:00,36098.532897999925
2023-06-28 09:45:00,36098.532897999925
2023-06-28 10:00:00,36098.532897999925
2023-06-28 10:15:00,36098.532897999925
2023-06-28 10:30:00,36098.532897999925
2023-06-28 10:45:00,36098.532897999925
2023-06-28 11:00:00,36098.532897999925
2023-06-28 11:15:00,36098.532897999925
2023-06-28 11:30:00,36098.532897999925
2023-06-28 11:45:00,36098.532897999925
2023-06-28 12:00:00,36098.532897999925
2023-06-28 12:15:00,36098.532897999925
2023-06-28 12:30:00,36098.532897999925
2023-06-28 12:45:00,36098.532897999925
2023-06-28 13:00:00,36098.532897999925
2023-06-28 13:15:00,36098.532897999925
2023-06-28 13:30:00,36098.532897999925
2023-06-28 13:45:00,36098.532897999925
2023-06-28 14:00:00,36098.532897999925
2023-06-28 14:15:00,36098.532897999925
2023-06-28 14:30:00,36098.532897999925
2023-06-28 14:45:00,36098.532897999925
2023-06-28 15:00:00,36098.532897999925
2023-06-28 15:15:00,36098.532897999925
2023-06-28 15:30:00,36098.532897999925
2023-06-28 15:45:00,36098.532897999925
2023-06-28 16:00:00,36098.532897999925
2023-06-29 09:30:00,36098.532897999925
2023-06-29 09:45:00,36098.532897999925
2023-06-29 10:00:00,36098.532897999925
2023-06-29 10:15:00,36098.532897999925
2023-06-29 10:30:00,36098.532897999925
2023-06-29 10:45:00,36098.532897999925
2023-06-29 11:00:00,36098.532897999925
2023-06-29 11:15:00,36098.532897999925
2023-06-29 11:30:00,36098.532897999925
2023-06-29 11:45:00,35742.12549799993
2023-06-29 12:00:00,35682.76549799993
2023-06-29 12:15:00,35735.76549799993
2023-06-29 12:30:00,35708.84149799992
2023-06-29 12:45:00,35614.925497999924
2023-06-29 13:00:00,35618.105497999924
2023-06-29 13:15:00,35661.03549799992
2023-06-29 13:30:00,35627.64549799992
2023-06-29 13:45:00,35578.88549799992
2023-06-29 14:00:00,35582.81809799992
2023-06-29 14:15:00,35611.745497999924
2023-06-29 14:30:00,35643.54549799993
2023-06-29 14:45:00,35683.825497999926
2023-06-29 15:00:00,35624.465497999925
2023-06-29 15:15:00,35635.59549799992
2023-06-29 15:30:00,35609.62549799993
2023-06-29 15:45:00,35716.685497999926
2023-06-29 16:00:00,35716.685497999926
2023-06-30 09:30:00,35864.76919799992
2023-06-30 09:45:00,35864.76919799992
2023-06-30 10:00:00,35864.76919799992
2023-06-30 10:15:00,35864.76919799992
2023-06-30 10:30:00,35864.76919799992
2023-06-30 10:45:00,35864.76919799992
2023-06-30 11:00:00,35864.76919799992
2023-06-30 11:15:00,35864.76919799992
2023-06-30 11:30:00,35864.76919799992
2023-06-30 11:45:00,35864.76919799992
2023-06-30 12:00:00,35864.76919799992
2023-06-30 12:15:00,35864.76919799992
2023-06-30 12:30:00,35864.76919799992
2023-06-30 12:45:00,35864.76919799992
2023-06-30 13:00:00,35864.76919799992
2023-06-30 13:15:00,35864.76919799992
2023-06-30 13:30:00,35864.76919799992
2023-06-30 13:45:00,35864.76919799992
2023-06-30 14:00:00,35864.76919799992
2023-06-30 14:15:00,35864.76919799992
2023-06-30 14:30:00,35864.76919799992
2023-06-30 14:45:00,35864.76919799992
2023-06-30 15:00:00,35864.76919799992
2023-06-30 15:15:00,35864.76919799992
2023-06-30 15:30:00,35864.76919799992
2023-06-30 15:45:00,35864.76919799992
2023-06-30 16:00:00,35864.76919799992
2023-07-03 09:30:00,35864.76919799992
2023-07-03 09:45:00,35864.76919799992
2023-07-03 10:00:00,35505.68839799992
2023-07-03 10:15:00,35483.234797999925
2023-07-03 10:30:00,35443.80839799992
2023-07-03 10:45:00,35426.12839799993
2023-07-03 11:00:00,35399.608397999924
2023-07-03 11:15:00,35408.44839799992
2023-07-03 11:30:00,35368.66839799993
2023-07-03 11:45:00,35368.66839799993
2023-07-03 12:00:00,35386.34839799992
2023-07-03 12:15:00,35386.34839799992
2023-07-03 12:30:00,35399.608397999924
2023-07-03 12:45:00,35390.76839799993
2023-07-03 13:00:00,35373.08839799992
2023-07-03 13:15:00,35576.40839799993
2023-07-05 09:30:00,35196.288397999924
2023-07-05 09:45:00,35183.02839799993
2023-07-05 10:00:00,35222.80839799992
2023-07-05 10:15:00,35240.48839799992
2023-07-05 10:30:00,35205.12839799993
2023-07-05 10:45:00,35165.52519799992
2023-07-05 11:00:00,35174.18839799992
2023-07-05 11:15:00,35205.12839799993
2023-07-05 11:30:00,35200.70839799992
2023-07-05 11:45:00,35178.608397999924
2023-07-05 12:00:00,35147.66839799993
2023-07-05 12:15:00,35178.608397999924
2023-07-05 12:30:00,35138.828397999925
2023-07-05 12:45:00,35152.08839799992
2023-07-05 13:00:00,35160.92839799992
2023-07-05 13:15:00,35183.02839799993
2023-07-05 13:30:00,35187.44839799992
2023-07-05 13:45:00,35196.288397999924
2023-07-05 14:00:00,35178.608397999924
2023-07-05 14:15:00,35147.66839799993
2023-07-05 14:30:00,35178.608397999924
2023-07-05 14:45:00,35169.76839799993
2023-07-05 15:00:00,35171.97839799993
2023-07-05 15:15:00,35178.608397999924
2023-07-05 15:30:00,35169.76839799993
2023-07-05 15:45:00,35187.44839799992
2023-07-05 16:00:00,35187.44839799992
2023-07-06 09:30:00,34630.52839799993
2023-07-06 09:45:00,34564.22839799993
2023-07-06 10:00:00,34515.608397999924
2023-07-06 10:15:00,34436.04839799992
2023-07-06 10:30:00,34405.108397999924
2023-07-06 10:45:00,34387.42839799992
2023-07-06 11:00:00,34365.328397999925
2023-07-06 11:15:00,34369.74839799992
2023-07-06 11:30:00,34400.68839799992
2023-07-06 11:45:00,34392.73239799992
2023-07-06 12:00:00,34396.26839799993
2023-07-06 12:15:00,34391.84839799992
2023-07-06 12:30:00,34405.108397999924
2023-07-06 12:45:00,34418.368397999926
2023-07-06 13:00:00,34449.30839799992
2023-07-06 13:15:00,34444.88839799992
2023-07-06 13:30:00,34440.468397999924
2023-07-06 13:45:00,34096.41559799993
2023-07-06 14:00:00,34096.41559799993
2023-07-06 14:15:00,34096.41559799993
2023-07-06 14:30:00,34096.41559799993
2023-07-06 14:45:00,34096.41559799993
2023-07-06 15:00:00,34096.41559799993
2023-07-06 15:15:00,34096.41559799993
2023-07-06 15:30:00,34096.41559799993
2023-07-06 15:45:00,34096.41559799993
2023-07-06 16:00:00,34096.41559799993
2023-07-07 09:30:00,34096.41559799993
2023-07-07 09:45:00,34096.41559799993
2023-07-07 10:00:00,34096.41559799993
2023-07-07 10:15:00,34096.41559799993
2023-07-07 10:30:00,34096.41559799993
2023-07-07 10:45:00,34096.41559799993
2023-07-07 11:00:00,34096.41559799993
2023-07-07 11:15:00,34096.41559799993
2023-07-07 11:30:00,34096.41559799993
2023-07-07 11:45:00,34096.41559799993
2023-07-07 12:00:00,34096.41559799993
2023-07-07 12:15:00,34096.41559799993
2023-07-07 12:30:00,34096.41559799993
2023-07-07 12:45:00,34096.41559799993
2023-07-07 13:00:00,34096.41559799993
2023-07-07 13:15:00,34096.41559799993
2023-07-07 13:30:00,34096.41559799993
2023-07-07 13:45:00,34096.41559799993
2023-07-07 14:00:00,34096.41559799993
2023-07-07 14:15:00,34096.41559799993
2023-07-07 14:30:00,34096.41559799993
2023-07-07 14:45:00,34096.41559799993
2023-07-07 15:00:00,34096.41559799993
2023-07-07 15:15:00,34096.41559799993
2023-07-07 15:30:00,34096.41559799993
2023-07-07 15:45:00,34096.41559799993
2023-07-07 16:00:00,34096.41559799993
2023-07-10 09:30:00,34096.41559799993
2023-07-10 09:45:00,34096.41559799993
2023-07-10 10:00:00,34096.41559799993
2023-07-10 10:15:00,34096.41559799993
2023-07-10 10:30:00,34096.41559799993
2023-07-10 10:45:00,34096.41559799993
2023-07-10 11:00:00,34096.41559799993
2023-07-10 11:15:00,34096.41559799993
2023-07-10 11:30:00,34096.41559799993
2023-07-10 11:45:00,34096.41559799993
2023-07-10 12:00:00,34096.41559799993
2023-07-10 12:15:00,34096.41559799993
2023-07-10 12:30:00,34096.41559799993
2023-07-10 12:45:00,34096.41559799993
2023-07-10 13:00:00,34096.41559799993
2023-07-10 13:15:00,34096.41559799993
2023-07-10 13:30:00,34096.41559799993
2023-07-10 13:45:00,34096.41559799993
2023-07-10 14:00:00,34096.41559799993
2023-07-10 14:15:00,34096.41559799993
2023-07-10 14:30:00,34096.41559799993
2023-07-10 14:45:00,34096.41559799993
2023-07-10 15:00:00,34096.41559799993
2023-07-10 15:15:00,34096.41559799993
2023-07-10 15:30:00,34096.41559799993
2023-07-10 15:45:00,34096.41559799993
2023-07-10 16:00:00,34096.41559799993
2023-07-11 09:30:00,34096.41559799993
2023-07-11 09:45:00,34096.41559799993
2023-07-11 10:00:00,34096.41559799993
2023-07-11 10:15:00,34096.41559799993
2023-07-11 10:30:00,34096.41559799993
2023-07-11 10:45:00,33754.99439799993
2023-07-11 11:00:00,33776.26939799994
2023-07-11 11:15:00,33780.524397999936
2023-07-11 11:30:00,33789.03439799993
2023-07-11 11:45:00,33789.03439799993
2023-07-11 12:00:00,33797.96989799993
2023-07-11 12:15:00,33797.54439799993
2023-07-11 12:30:00,33835.83939799994
2023-07-11 12:45:00,33840.094397999936
2023-07-11 13:00:00,33848.60439799993
2023-07-11 13:15:00,33865.624397999934
2023-07-11 13:30:00,33869.87939799994
2023-07-11 13:45:00,33874.13439799993
2023-07-11 14:00:00,33870.64529799993
2023-07-11 14:15:00,33857.11439799994
2023-07-11 14:30:00,33878.389397999934
2023-07-11 14:45:00,33895.40939799993
2023-07-11 15:00:00,33899.664397999935
2023-07-11 15:15:00,33925.194397999934
2023-07-11 15:30:00,33920.93939799993
2023-07-11 15:45:00,33925.194397999934
2023-07-11 16:00:00,33908.17439799993
2023-07-12 09:30:00,34100.202547999936
2023-07-12 09:45:00,34100.202547999936
2023-07-12 10:00:00,34100.202547999936
2023-07-12 10:15:00,34100.202547999936
2023-07-12 10:30:00,34100.202547999936
2023-07-12 10:45:00,34100.202547999936
2023-07-12 11:00:00,33764.06754799993
2023-07-12 11:15:00,33717.50754799993
2023-07-12 11:30:00,33665.12754799994
2023-07-12 11:45:00,33638.93754799993
2023-07-12 12:00:00,33644.75754799993
2023-07-12 12:15:00,33604.01754799994
2023-07-12 12:30:00,33625.26054799993
2023-07-12 12:45:00,33617.11254799993
2023-07-12 13:00:00,33620.50754799993
2023-07-12 13:15:00,33616.62754799994
2023-07-12 13:30:00,33623.41754799993
2023-07-12 13:45:00,33623.41754799993
2023-07-12 14:00:00,33648.63754799993
2023-07-12 14:15:00,33632.147547999935
2023-07-12 14:30:00,33620.69184799994
2023-07-12 14:45:00,33606.927547999934
2023-07-12 15:00:00,33604.01754799994
2023-07-12 15:15:00,33564.247547999934
2023-07-12 15:30:00,33595.889145999936
2023-07-12 15:45:00,33580.37894599993
2023-07-12 16:00:00,33593.878945999924
2023-07-13 09:30:00,33655.49680599993
2023-07-13 09:45:00,33674.88710599994
2023-07-13 10:00:00,33662.28680599994
2023-07-13 10:15:00,33646.766805999934
2023-07-13 10:30:00,33637.06680599993
2023-07-13 10:45:00,33630.276805999936
2023-07-13 11:00:00,33610.876805999935
2023-07-13 11:15:00,33603.60180599993
2023-07-13 11:30:00,33601.17680599993
2023-07-13 11:45:00,33617.666805999936
2023-07-13 12:00:00,33635.126805999935
2023-07-13 12:15:00,33630.276805999936
2023-07-13 12:30:00,33643.85680599993
2023-07-13 12:45:00,33628.23980599994
2023-07-13 13:00:00,33614.75680599994
2023-07-13 13:15:00,33611.846805999936
2023-07-13 13:30:00,33618.63680599993
2023-07-13 13:45:00,33613.78680599994
2023-07-13 14:00:00,33625.42680599993
2023-07-13 14:15:00,33606.026805999936
2023-07-13 14:30:00,33612.81680599993
2023-07-13 14:45:00,33620.57680599994
2023-07-13 15:00:00,33640.946805999934
2023-07-13 15:15:00,33639.94770599993
2023-07-13 15:30:00,33676.836805999934
2023-07-13 15:45:00,33613.78680599994
2023-07-13 16:00:00,33590.51200599994
2023-07-14 09:30:00,33745.30700599994
2023-07-14 09:45:00,33785.81200599993
2023-07-14 10:00:00,33773.32500599993
2023-07-14 10:15:00,33738.32200599993
2023-07-14 10:30:00,33688.63300599993
2023-07-14 10:45:00,33707.07140599994
2023-07-14 11:00:00,33706.88700599993
2023-07-14 11:15:00,33710.672005999935
2023-07-14 11:30:00,33726.19200599994
2023-07-14 11:45:00,33731.16200599993
2023-07-14 12:00:00,33723.547005999935
2023-07-14 12:15:00,33702.50200599993
2023-07-14 12:30:00,33727.84200599993
2023-07-14 12:45:00,33728.76280599993
2023-07-14 13:00:00,33708.32200599994
2023-07-14 13:15:00,33720.99700599993
2023-07-14 13:30:00,33734.66200599993
2023-07-14 13:45:00,33749.32700599993
2023-07-14 14:00:00,33778.61940599994
2023-07-14 14:15:00,33756.09200599994
2023-07-14 14:30:00,33737.54200599993
2023-07-14 14:45:00,33742.36200599994
2023-07-14 15:00:00,33750.12720599994
2023-07-14 15:15:00,33740.657005999936
2023-07-14 15:30:00,33711.69700599994
2023-07-14 15:45:00,33728.492005999935
2023-07-14 16:00:00,33708.09200599994
2023-07-17 09:30:00,33693.91675599993
2023-07-17 09:45:00,33727.86675599993
2023-07-17 10:00:00,33745.32675599993
2023-07-17 10:15:00,33745.32675599993
2023-07-17 10:30:00,33771.51675599993
2023-07-17 10:45:00,33771.51675599993
2023-07-17 11:00:00,33772.48675599993
2023-07-17 11:15:00,33787.036755999936
2023-07-17 11:30:00,33793.82675599993
2023-07-17 11:45:00,33799.64675599993
2023-07-17 12:00:00,33790.43175599993
2023-07-17 12:15:00,33777.33675599993
2023-07-17 12:30:00,33791.88675599993
2023-07-17 12:45:00,33803.92445599993
2023-07-17 13:00:00,33804.496755999935
2023-07-17 13:15:00,33798.676755999935
2023-07-17 13:30:00,33809.346755999926
2023-07-17 13:45:00,33788.00675599993
2023-07-17 14:00:00,33794.78705599993
2023-07-17 14:15:00,33813.22675599993
2023-07-17 14:30:00,33809.346755999926
2023-07-17 14:45:00,33798.87075599993
2023-07-17 15:00:00,33816.13675599993
2023-07-17 15:15:00,33848.14675599993
2023-07-17 15:30:00,33836.50675599993
2023-07-17 15:45:00,33791.88675599993
2023-07-17 16:00:00,33769.57675599993
2023-07-18 09:30:00,33906.346755999926
2023-07-18 09:45:00,33988.79675599993
2023-07-18 10:00:00,34000.43675599993
2023-07-18 10:15:00,34023.716755999936
2023-07-18 10:30:00,34057.07505599993
2023-07-18 10:45:00,33771.35105299993
2023-07-18 11:00:00,33771.35105299993
2023-07-18 11:15:00,33771.35105299993
2023-07-18 11:30:00,33771.35105299993
2023-07-18 11:45:00,33771.35105299993
2023-07-18 12:00:00,33771.35105299993
2023-07-18 12:15:00,33771.35105299993
2023-07-18 12:30:00,33771.35105299993
2023-07-18 12:45:00,33771.35105299993
2023-07-18 13:00:00,33771.35105299993
2023-07-18 13:15:00,33771.35105299993
2023-07-18 13:30:00,33771.35105299993
2023-07-18 13:45:00,33771.35105299993
2023-07-18 14:00:00,33771.35105299993
2023-07-18 14:15:00,33771.35105299993
2023-07-18 14:30:00,33771.35105299993
2023-07-18 14:45:00,33771.35105299993
2023-07-18 15:00:00,33771.35105299993
2023-07-18 15:15:00,33771.35105299993
2023-07-18 15:30:00,33771.35105299993
2023-07-18 15:45:00,33771.35105299993
2023-07-18 16:00:00,33771.35105299993
2023-07-19 09:30:00,33771.35105299993
2023-07-19 09:45:00,33771.35105299993
2023-07-19 10:00:00,33771.35105299993
2023-07-19 10:15:00,33771.35105299993
2023-07-19 10:30:00,33771.35105299993
2023-07-19 10:45:00,33771.35105299993
2023-07-19 11:00:00,33771.35105299993
2023-07-19 11:15:00,33771.35105299993
2023-07-19 11:30:00,33771.35105299993
2023-07-19 11:45:00,33771.35105299993
2023-07-19 12:00:00,33771.35105299993
2023-07-19 12:15:00,33771.35105299993
2023-07-19 12:30:00,33771.35105299993
2023-07-19 12:45:00,33771.35105299993
2023-07-19 13:00:00,33771.35105299993
2023-07-19 13:15:00,33771.35105299993
2023-07-19 13:30:00,33771.35105299993
2023-07-19 13:45:00,33771.35105299993
2023-07-19 14:00:00,33771.35105299993
2023-07-19 14:15:00,33771.35105299993
2023-07-19 14:30:00,33771.35105299993
2023-07-19 14:45:00,33771.35105299993
2023-07-19 15:00:00,33771.35105299993
2023-07-19 15:15:00,33771.35105299993
2023-07-19 15:30:00,33771.35105299993
2023-07-19 15:45:00,33771.35105299993
2023-07-19 16:00:00,33771.35105299993
2023-07-20 09:30:00,33771.35105299993
2023-07-20 09:45:00,33771.35105299993
2023-07-20 10:00:00,33771.35105299993
2023-07-20 10:15:00,33771.35105299993
2023-07-20 10:30:00,33771.35105299993
2023-07-20 10:45:00,33771.35105299993
2023-07-20 11:00:00,33771.35105299993
2023-07-20 11:15:00,33771.35105299993
2023-07-20 11:30:00,33771.35105299993
2023-07-20 11:45:00,33771.35105299993
2023-07-20 12:00:00,33771.35105299993
2023-07-20 12:15:00,33771.35105299993
2023-07-20 12:30:00,33771.35105299993
2023-07-20 12:45:00,33771.35105299993
2023-07-20 13:00:00,33771.35105299993
2023-07-20 13:15:00,33771.35105299993
2023-07-20 13:30:00,33771.35105299993
2023-07-20 13:45:00,33771.35105299993
2023-07-20 14:00:00,33771.35105299993
2023-07-20 14:15:00,33771.35105299993
2023-07-20 14:30:00,33771.35105299993
2023-07-20 14:45:00,33771.35105299993
2023-07-20 15:00:00,33771.35105299993
2023-07-20 15:15:00,33771.35105299993
2023-07-20 15:30:00,33771.35105299993
2023-07-20 15:45:00,33771.35105299993
2023-07-20 16:00:00,33771.35105299993
2023-07-21 09:30:00,33771.35105299993
2023-07-21 09:45:00,33771.35105299993
2023-07-21 10:00:00,33771.35105299993
2023-07-21 10:15:00,33771.35105299993
2023-07-21 10:30:00,33771.35105299993
2023-07-21 10:45:00,33771.35105299993
2023-07-21 11:00:00,33771.35105299993
2023-07-21 11:15:00,33771.35105299993
2023-07-21 11:30:00,33771.35105299993
2023-07-21 11:45:00,33771.35105299993
2023-07-21 12:00:00,33771.35105299993
2023-07-21 12:15:00,33771.35105299993
2023-07-21 12:30:00,33771.35105299993
2023-07-21 12:45:00,33771.35105299993
2023-07-21 13:00:00,33771.35105299993
2023-07-21 13:15:00,33771.35105299993
2023-07-21 13:30:00,33771.35105299993
2023-07-21 13:45:00,33771.35105299993
2023-07-21 14:00:00,33771.35105299993
2023-07-21 14:15:00,33771.35105299993
2023-07-21 14:30:00,33771.35105299993
2023-07-21 14:45:00,33771.35105299993
2023-07-21 15:00:00,33771.35105299993
2023-07-21 15:15:00,33771.35105299993
2023-07-21 15:30:00,33771.35105299993
2023-07-21 15:45:00,33771.35105299993
2023-07-21 16:00:00,33771.35105299993
2023-07-24 09:30:00,33771.35105299993
2023-07-24 09:45:00,33771.35105299993
2023-07-24 10:00:00,33771.35105299993
2023-07-24 10:15:00,33771.35105299993
2023-07-24 10:30:00,33771.35105299993
2023-07-24 10:45:00,33771.35105299993
2023-07-24 11:00:00,33771.35105299993
2023-07-24 11:15:00,33771.35105299993
2023-07-24 11:30:00,33771.35105299993
2023-07-24 11:45:00,33771.35105299993
2023-07-24 12:00:00,33771.35105299993
2023-07-24 12:15:00,33771.35105299993
2023-07-24 12:30:00,33771.35105299993
2023-07-24 12:45:00,33771.35105299993
2023-07-24 13:00:00,33771.35105299993
2023-07-24 13:15:00,33771.35105299993
2023-07-24 13:30:00,33771.35105299993
2023-07-24 13:45:00,33771.35105299993
2023-07-24 14:00:00,33771.35105299993
2023-07-24 14:15:00,33771.35105299993
2023-07-24 14:30:00,33771.35105299993
2023-07-24 14:45:00,33771.35105299993
2023-07-24 15:00:00,33771.35105299993
2023-07-24 15:15:00,33771.35105299993
2023-07-24 15:30:00,33771.35105299993
2023-07-24 15:45:00,33771.35105299993
2023-07-24 16:00:00,33771.35105299993
2023-07-25 09:30:00,33771.35105299993
2023-07-25 09:45:00,33771.35105299993
2023-07-25 10:00:00,33771.35105299993
2023-07-25 10:15:00,33771.35105299993
2023-07-25 10:30:00,33771.35105299993
2023-07-25 10:45:00,33771.35105299993
2023-07-25 11:00:00,33771.35105299993
2023-07-25 11:15:00,33433.164052999935
2023-07-25 11:30:00,33485.87905299993
2023-07-25 11:45:00,33477.76905299993
2023-07-25 12:00:00,33485.87905299993
2023-07-25 12:15:00,33469.65905299993
2023-07-25 12:30:00,33441.27405299993
2023-07-25 12:45:00,33449.38405299993
2023-07-25 13:00:00,33445.329052999936
2023-07-25 13:15:00,33453.43905299993
2023-07-25 13:30:00,33445.329052999936
2023-07-25 13:45:00,33465.60405299993
2023-07-25 14:00:00,33477.76905299993
2023-07-25 14:15:00,33473.71405299993
2023-07-25 14:30:00,33493.98905299993
2023-07-25 14:45:00,33465.60405299993
2023-07-25 15:00:00,33489.93405299993
2023-07-25 15:15:00,33473.71405299993
2023-07-25 15:30:00,33465.60405299993
2023-07-25 15:45:00,33433.164052999935
2023-07-25 16:00:00,33441.27405299993
2023-07-26 09:30:00,33469.65905299993
2023-07-26 09:45:00,33542.64905299993
2023-07-26 10:00:00,33530.48405299993
2023-07-26 10:15:00,33489.93405299993
2023-07-26 10:30:00,33506.15405299993
2023-07-26 10:45:00,33485.87905299993
2023-07-26 11:00:00,33502.099052999925
2023-07-26 11:15:00,33502.099052999925
2023-07-26 11:30:00,33546.704052999936
2023-07-26 11:45:00,33554.81405299993
2023-07-26 12:00:00,33579.14405299993
2023-07-26 12:15:00,33566.97905299993
2023-07-26 12:30:00,33571.03405299993
2023-07-26 12:45:00,33583.19905299993
2023-07-26 13:00:00,33579.14405299993
2023-07-26 13:15:00,33579.14405299993
2023-07-26 13:30:00,33558.86905299993
2023-07-26 13:45:00,33530.48405299993
2023-07-26 14:00:00,33571.03405299993
2023-07-26 14:15:00,33534.539052999935
2023-07-26 14:30:00,33725.04295299993
2023-07-26 14:45:00,33692.60295299993
2023-07-26 15:00:00,33595.36405299993
2023-07-26 15:15:00,33619.694052999934
2023-07-26 15:30:00,33652.13405299993
2023-07-26 15:45:00,33648.079052999936
2023-07-26 16:00:00,33652.13405299993
2023-07-27 09:30:00,33554.81405299993
2023-07-27 09:45:00,33521.72525299993
2023-07-27 10:00:00,33478.74225299993
2023-07-27 10:15:00,33457.49405299993
2023-07-27 10:30:00,33480.52645299993
2023-07-27 10:45:00,33481.82405299993
2023-07-27 11:00:00,33493.98905299993
2023-07-27 11:15:00,33530.48405299993
2023-07-27 11:30:00,33534.539052999935
2023-07-27 11:45:00,33550.75905299993
2023-07-27 12:00:00,33534.539052999935
2023-07-27 12:15:00,33562.35635299993
2023-07-27 12:30:00,33562.92405299993
2023-07-27 12:45:00,33550.75905299993
2023-07-27 13:00:00,33571.03405299993
2023-07-27 13:15:00,33506.15405299993
2023-07-27 13:30:00,33502.099052999925
2023-07-27 13:45:00,33453.43905299993
2023-07-27 14:00:00,33343.954052999936
2023-07-27 14:15:00,33327.73405299993
2023-07-27 14:30:00,33270.96405299993
2023-07-27 14:45:00,33250.68905299993
2023-07-27 15:00:00,33287.18405299993
2023-07-27 15:15:00,33234.46905299993
2023-07-27 15:30:00,33206.08405299993
2023-07-27 15:45:00,33230.414052999935
2023-07-27 16:00:00,33254.74405299993
2023-07-28 09:30:00,33544.59545299993
2023-07-28 09:45:00,33544.59545299993
2023-07-28 10:00:00,33544.59545299993
2023-07-28 10:15:00,33544.59545299993
2023-07-28 10:30:00,33544.59545299993
2023-07-28 10:45:00,33544.59545299993
2023-07-28 11:00:00,33544.59545299993
2023-07-28 11:15:00,33544.59545299993
2023-07-28 11:30:00,33544.59545299993
2023-07-28 11:45:00,33544.59545299993
2023-07-28 12:00:00,33544.59545299993
2023-07-28 12:15:00,33544.59545299993
2023-07-28 12:30:00,33544.59545299993
2023-07-28 12:45:00,33544.59545299993
2023-07-28 13:00:00,33211.920052999936
2023-07-28 13:15:00,33206.90005299994
2023-07-28 13:30:00,33201.854952999936
2023-07-28 13:45:00,33284.71005299994
2023-07-28 14:00:00,33299.770052999935
2023-07-28 14:15:00,33360.01005299993
2023-07-28 14:30:00,33334.910052999934
2023-07-28 14:45:00,33357.50005299994
2023-07-28 15:00:00,33338.67505299993
2023-07-28 15:15:00,33233.255052999935
2023-07-28 15:30:00,33229.74105299993
2023-07-28 15:45:00,33252.08005299993
2023-07-28 16:00:00,33226.980052999934
2023-07-31 09:30:00,33232.10045299994
2023-07-31 09:45:00,33232.10045299994
2023-07-31 10:00:00,33232.10045299994
2023-07-31 10:15:00,33232.10045299994
2023-07-31 10:30:00,33232.10045299994
2023-07-31 10:45:00,33232.10045299994
2023-07-31 11:00:00,33232.10045299994
2023-07-31 11:15:00,33232.10045299994
2023-07-31 11:30:00,33232.10045299994
2023-07-31 11:45:00,33232.10045299994
2023-07-31 12:00:00,33232.10045299994
2023-07-31 12:15:00,33232.10045299994
2023-07-31 12:30:00,33232.10045299994
2023-07-31 12:45:00,33232.10045299994
2023-07-31 13:00:00,33232.10045299994
2023-07-31 13:15:00,33232.10045299994
2023-07-31 13:30:00,33232.10045299994
2023-07-31 13:45:00,33232.10045299994
2023-07-31 14:00:00,33232.10045299994
2023-07-31 14:15:00,33232.10045299994
2023-07-31 14:30:00,33232.10045299994
2023-07-31 14:45:00,33232.10045299994
2023-07-31 15:00:00,33232.10045299994
2023-07-31 15:15:00,33232.10045299994
2023-07-31 15:30:00,33232.10045299994
2023-07-31 15:45:00,33232.10045299994
2023-07-31 16:00:00,33232.10045299994
2023-08-01 09:30:00,33232.10045299994
2023-08-01 09:45:00,33232.10045299994
2023-08-01 10:00:00,33232.10045299994
2023-08-01 10:15:00,33232.10045299994
2023-08-01 10:30:00,33232.10045299994
2023-08-01 10:45:00,33232.10045299994
2023-08-01 11:00:00,33232.10045299994
2023-08-01 11:15:00,33232.10045299994
2023-08-01 11:30:00,33232.10045299994
2023-08-01 11:45:00,33232.10045299994
2023-08-01 12:00:00,33232.10045299994
2023-08-01 12:15:00,33232.10045299994
2023-08-01 12:30:00,33232.10045299994
2023-08-01 12:45:00,33232.10045299994
2023-08-01 13:00:00,33232.10045299994
2023-08-01 13:15:00,33232.10045299994
2023-08-01 13:30:00,33232.10045299994
2023-08-01 13:45:00,33232.10045299994
2023-08-01 14:00:00,33232.10045299994
2023-08-01 14:15:00,33232.10045299994
2023-08-01 14:30:00,33232.10045299994
2023-08-01 14:45:00,33232.10045299994
2023-08-01 15:00:00,33232.10045299994
2023-08-01 15:15:00,33232.10045299994
2023-08-01 15:30:00,33232.10045299994
2023-08-01 15:45:00,33232.10045299994
2023-08-01 16:00:00,33232.10045299994
2023-08-02 09:30:00,33232.10045299994
2023-08-02 09:45:00,33232.10045299994
2023-08-02 10:00:00,33232.10045299994
2023-08-02 10:15:00,33232.10045299994
2023-08-02 10:30:00,33232.10045299994
2023-08-02 10:45:00,33232.10045299994
2023-08-02 11:00:00,33232.10045299994
2023-08-02 11:15:00,33232.10045299994
2023-08-02 11:30:00,33232.10045299994
2023-08-02 11:45:00,33232.10045299994
2023-08-02 12:00:00,33232.10045299994
2023-08-02 12:15:00,33232.10045299994
2023-08-02 12:30:00,33232.10045299994
2023-08-02 12:45:00,33232.10045299994
2023-08-02 13:00:00,33232.10045299994
2023-08-02 13:15:00,33232.10045299994
2023-08-02 13:30:00,33232.10045299994
2023-08-02 13:45:00,33232.10045299994
2023-08-02 14:00:00,33232.10045299994
2023-08-02 14:15:00,33232.10045299994
2023-08-02 14:30:00,33232.10045299994
2023-08-02 14:45:00,33232.10045299994
2023-08-02 15:00:00,33232.10045299994
2023-08-02 15:15:00,33232.10045299994
2023-08-02 15:30:00,33232.10045299994
2023-08-02 15:45:00,33232.10045299994
2023-08-02 16:00:00,33232.10045299994
2023-08-03 09:30:00,33232.10045299994
2023-08-03 09:45:00,33232.10045299994
2023-08-03 10:00:00,33232.10045299994
2023-08-03 10:15:00,33232.10045299994
2023-08-03 10:30:00,33232.10045299994
2023-08-03 10:45:00,33232.10045299994
2023-08-03 11:00:00,33232.10045299994
2023-08-03 11:15:00,33232.10045299994
2023-08-03 11:30:00,33232.10045299994
2023-08-03 11:45:00,33232.10045299994
2023-08-03 12:00:00,33232.10045299994
2023-08-03 12:15:00,33232.10045299994
2023-08-03 12:30:00,33232.10045299994
2023-08-03 12:45:00,33232.10045299994
2023-08-03 13:00:00,33232.10045299994
2023-08-03 13:15:00,33232.10045299994
2023-08-03 13:30:00,33232.10045299994
2023-08-03 13:45:00,33232.10045299994
2023-08-03 14:00:00,33232.10045299994
2023-08-03 14:15:00,33232.10045299994
2023-08-03 14:30:00,33232.10045299994
2023-08-03 14:45:00,33232.10045299994
2023-08-03 15:00:00,33232.10045299994
2023-08-03 15:15:00,33232.10045299994
2023-08-03 15:30:00,33232.10045299994
2023-08-03 15:45:00,33232.10045299994
2023-08-03 16:00:00,33232.10045299994
2023-08-04 09:30:00,33232.10045299994
2023-08-04 09:45:00,33232.10045299994
2023-08-04 10:00:00,33232.10045299994
2023-08-04 10:15:00,33232.10045299994
2023-08-04 10:30:00,33232.10045299994
2023-08-04 10:45:00,33232.10045299994
2023-08-04 11:00:00,33232.10045299994
2023-08-04 11:15:00,33232.10045299994
2023-08-04 11:30:00,32902.36358199995
2023-08-04 11:45:00,32808.81708199994
2023-08-04 12:00:00,32685.98148199994
2023-08-04 12:15:00,32784.56598199994
2023-08-04 12:30:00,32856.58648199994
2023-08-04 12:45:00,32759.261481999947
2023-08-04 13:00:00,32707.713581999946
2023-08-04 13:15:00,32696.286481999945
2023-08-04 13:30:00,32639.036481999945
2023-08-04 13:45:00,32561.176481999944
2023-08-04 14:00:00,32397.441481999944
2023-08-04 14:15:00,32405.456481999943
2023-08-04 14:30:00,32317.634981999945
2023-08-04 14:45:00,32233.706481999943
2023-08-04 15:00:00,32377.495581999945
2023-08-04 15:15:00,32161.571481999945
2023-08-04 15:30:00,32089.413581999943
2023-08-04 15:45:00,32009.858981999943
2023-08-04 16:00:00,32000.12648199995
2023-08-07 09:30:00,32096.306481999945
2023-08-07 09:45:00,31956.616481999947
2023-08-07 10:00:00,31938.571281999946
2023-08-07 10:15:00,32246.301481999944
2023-08-07 10:30:00,32171.87648199995
2023-08-07 10:45:00,32130.656481999944
2023-08-07 11:00:00,32019.59148199994
2023-08-07 11:15:00,32032.186481999943
2023-08-07 11:30:00,32105.46648199994
2023-08-07 11:45:00,32148.97648199994
2023-08-07 12:00:00,32316.146481999946
2023-08-07 12:15:00,32434.081481999943
2023-08-07 12:30:00,32446.676481999944
2023-08-07 12:45:00,32509.651481999947
2023-08-07 13:00:00,32643.06688199994
2023-08-07 13:15:00,32554.306481999945
2023-08-07 13:30:00,32539.535981999943
2023-08-07 13:45:00,32566.58088199994
2023-08-07 14:00:00,32485.60648199994
2023-08-07 14:15:00,32545.146481999946
2023-08-07 14:30:00,32563.809981999948
2023-08-07 14:45:00,32597.793581999944
2023-08-07 15:00:00,32548.581481999943
2023-08-07 15:15:00,32423.341381999944
2023-08-07 15:30:00,32510.796481999943
2023-08-07 15:45:00,32600.10648199994
2023-08-07 16:00:00,32591.381581999944
2023-08-08 09:30:00,32047.071481999945
2023-08-08 09:45:00,31981.806481999945
2023-08-08 10:00:00,31988.676481999944
2023-08-08 10:15:00,32025.316481999944
2023-08-08 10:30:00,31988.653581999944
2023-08-08 10:45:00,31834.10148199994
2023-08-08 11:00:00,31822.651481999947
2023-08-08 11:15:00,31981.806481999945
2023-08-08 11:30:00,31889.061481999943
2023-08-08 11:45:00,31876.46648199994
2023-08-08 12:00:00,32018.835781999944
2023-08-08 12:15:00,32032.186481999943
2023-08-08 12:30:00,31988.676481999944
2023-08-08 12:45:00,32059.666481999946
2023-08-08 13:00:00,32034.224581999948
2023-08-08 13:15:00,32032.186481999943
2023-08-08 13:30:00,32048.21648199994
2023-08-08 13:45:00,32065.391481999945
2023-08-08 14:00:00,32023.026481999947
2023-08-08 14:15:00,32025.316481999944
2023-08-08 14:30:00,31987.531481999944
2023-08-08 14:45:00,32045.926481999944
2023-08-08 15:00:00,31986.386481999947
2023-08-08 15:15:00,32041.346481999943
2023-08-08 15:30:00,32016.156481999944
2023-08-08 15:45:00,32084.85648199994
2023-08-08 16:00:00,32066.536481999945
2023-08-09 09:30:00,31775.591981999947
2023-08-09 09:45:00,31828.37648199995
2023-08-09 10:00:00,31922.266481999945
2023-08-09 10:15:00,31890.183581999943
2023-08-09 10:30:00,31871.863581999947
2023-08-09 10:45:00,31628.00148199995
2023-08-09 11:00:00,31500.883581999944
2023-08-09 11:15:00,31475.71648199994
2023-08-09 11:30:00,31587.926481999944
2023-08-09 11:45:00,31578.766481999945
2023-08-09 12:00:00,31645.153581999944
2023-08-09 12:15:00,31633.199781999945
2023-08-09 12:30:00,31693.266481999945
2023-08-09 12:45:00,31673.801481999944
2023-08-09 13:00:00,31780.286481999945
2023-08-09 13:15:00,31681.816481999944
2023-08-09 13:30:00,31770.164681999948
2023-08-09 13:45:00,31735.448281999947
2023-08-09 14:00:00,31795.171481999943
2023-08-09 14:15:00,31853.566481999944
2023-08-09 14:30:00,31860.436481999943
2023-08-09 14:45:00,31832.956481999943
2023-08-09 15:00:00,31774.561481999943
2023-08-09 15:15:00,31821.506481999946
2023-08-09 15:30:00,31709.296481999943
2023-08-09 15:45:00,31613.116481999947
2023-08-09 16:00:00,31668.076481999942
2023-08-10 09:30:00,31963.486481999942
2023-08-10 09:45:00,32119.206481999943
2023-08-10 10:00:00,32121.496481999948
2023-08-10 10:15:00,32107.779381999946
2023-08-10 10:30:00,32039.056481999945
2023-08-10 10:45:00,32027.62938199994
2023-08-10 11:00:00,31954.326481999942
2023-08-10 11:15:00,31954.326481999942
2023-08-10 11:30:00,31949.746481999948
2023-08-10 11:45:00,31838.452481999942
2023-08-10 12:00:00,31832.956481999943
2023-08-10 12:15:00,31753.951481999942
2023-08-10 12:30:00,31814.636481999947
2023-08-10 12:45:00,31663.496481999948
2023-08-10 13:00:00,31732.196481999945
2023-08-10 13:15:00,31653.397581999943
2023-08-10 13:30:00,31580.323681999947
2023-08-10 13:45:00,31567.316481999944
2023-08-10 14:00:00,31782.851281999945
2023-08-10 14:15:00,31747.081481999943
2023-08-10 14:30:00,31705.815681999946
2023-08-10 14:45:00,31796.339381999944
2023-08-10 15:00:00,31774.561481999943
2023-08-10 15:15:00,31725.326481999942
2023-08-10 15:30:00,31681.816481999944
2023-08-10 15:45:00,31780.286481999945
2023-08-10 16:00:00,31789.446481999945
2023-08-11 09:30:00,31603.933581999943
2023-08-11 09:45:00,31457.396481999946
2023-08-11 10:00:00,31777.996481999948
2023-08-11 10:15:00,31842.116481999947
2023-08-11 10:30:00,31829.521481999946
2023-08-11 10:45:00,31720.746481999948
2023-08-11 11:00:00,31625.711481999944
2023-08-11 11:15:00,31639.039281999943
2023-08-11 11:30:00,31690.97648199994
2023-08-11 11:45:00,31777.996481999948
2023-08-11 12:00:00,31815.781481999944
2023-08-11 12:15:00,31764.256481999946
2023-08-11 12:30:00,31732.196481999945
2023-08-11 12:45:00,31721.708281999945
2023-08-11 13:00:00,31755.096481999943
2023-08-11 13:15:00,31814.636481999947
2023-08-11 13:30:00,31707.41868199995
2023-08-11 13:45:00,31768.836481999944
2023-08-11 14:00:00,31782.576481999942
2023-08-11 14:15:00,31782.576481999942
2023-08-11 14:30:00,31803.186481999943
2023-08-11 14:45:00,31800.896481999946
2023-08-11 15:00:00,31702.426481999944
2023-08-11 15:15:00,31770.851681999946
2023-08-11 15:30:00,31743.646481999946
2023-08-11 15:45:00,31748.22648199994
2023-08-11 16:00:00,31759.676481999944
2023-08-14 09:30:00,31789.446481999945
2023-08-14 09:45:00,31900.511481999947
2023-08-14 10:00:00,32016.156481999944
2023-08-14 10:15:00,32061.635881999944
2023-08-14 10:30:00,32142.907981999942
2023-08-14 10:45:00,32169.586481999944
2023-08-14 11:00:00,32075.696481999945
2023-08-14 11:15:00,32100.886481999947
2023-08-14 11:30:00,32083.711481999944
2023-08-14 11:45:00,31976.081481999943
2023-08-14 12:00:00,31871.886481999947
2023-08-14 12:15:00,31853.566481999944
2023-08-14 12:30:00,31898.450481999942
2023-08-14 12:45:00,31894.397181999946
2023-08-14 13:00:00,31908.526481999947
2023-08-14 13:15:00,31981.806481999945
2023-08-14 13:30:00,31993.256481999946
2023-08-14 13:45:00,32013.50008199994
2023-08-14 14:00:00,31990.96648199994
2023-08-14 14:15:00,31997.836481999944
2023-08-14 14:30:00,32004.706481999943
2023-08-14 14:45:00,32016.133581999944
2023-08-14 15:00:00,32034.499381999944
2023-08-14 15:15:00,32005.85148199994
2023-08-14 15:30:00,32098.596481999943
2023-08-14 15:45:00,31912.923281999945
2023-08-14 16:00:00,31912.923281999945
2023-08-15 09:30:00,31912.923281999945
2023-08-15 09:45:00,31912.923281999945
2023-08-15 10:00:00,31912.923281999945
2023-08-15 10:15:00,31912.923281999945
2023-08-15 10:30:00,31912.923281999945
2023-08-15 10:45:00,31912.923281999945
2023-08-15 11:00:00,31912.923281999945
2023-08-15 11:15:00,31912.923281999945
2023-08-15 11:30:00,31912.923281999945
2023-08-15 11:45:00,31912.923281999945
2023-08-15 12:00:00,31912.923281999945
2023-08-15 12:15:00,31912.923281999945
2023-08-15 12:30:00,31912.923281999945
2023-08-15 12:45:00,31912.923281999945
2023-08-15 13:00:00,31912.923281999945
2023-08-15 13:15:00,31912.923281999945
2023-08-15 13:30:00,31912.923281999945
2023-08-15 13:45:00,31912.923281999945
2023-08-15 14:00:00,31912.923281999945
2023-08-15 14:15:00,31912.923281999945
2023-08-15 14:30:00,31912.923281999945
2023-08-15 14:45:00,31912.923281999945
2023-08-15 15:00:00,31912.923281999945
2023-08-15 15:15:00,31912.923281999945
2023-08-15 15:30:00,31912.923281999945
2023-08-15 15:45:00,31912.923281999945
2023-08-15 16:00:00,31912.923281999945
2023-08-16 09:30:00,31912.923281999945
2023-08-16 09:45:00,31912.923281999945
2023-08-16 10:00:00,31912.923281999945
2023-08-16 10:15:00,31912.923281999945
2023-08-16 10:30:00,31912.923281999945
2023-08-16 10:45:00,31912.923281999945
2023-08-16 11:00:00,31912.923281999945
2023-08-16 11:15:00,31912.923281999945
2023-08-16 11:30:00,31912.923281999945
2023-08-16 11:45:00,31912.923281999945
2023-08-16 12:00:00,31912.923281999945
2023-08-16 12:15:00,31912.923281999945
2023-08-16 12:30:00,31912.923281999945
2023-08-16 12:45:00,31912.923281999945
2023-08-16 13:00:00,31912.923281999945
2023-08-16 13:15:00,31912.923281999945
2023-08-16 13:30:00,31912.923281999945
2023-08-16 13:45:00,31912.923281999945
2023-08-16 14:00:00,31912.923281999945
2023-08-16 14:15:00,31912.923281999945
2023-08-16 14:30:00,31912.923281999945
2023-08-16 14:45:00,31912.923281999945
2023-08-16 15:00:00,31912.923281999945
2023-08-16 15:15:00,31912.923281999945
2023-08-16 15:30:00,31912.923281999945
2023-08-16 15:45:00,31912.923281999945
2023-08-16 16:00:00,31912.923281999945
2023-08-17 09:30:00,31912.923281999945
2023-08-17 09:45:00,31912.923281999945
2023-08-17 10:00:00,31912.923281999945
2023-08-17 10:15:00,31912.923281999945
2023-08-17 10:30:00,31912.923281999945
2023-08-17 10:45:00,31912.923281999945
2023-08-17 11:00:00,31912.923281999945
2023-08-17 11:15:00,31912.923281999945
2023-08-17 11:30:00,31912.923281999945
2023-08-17 11:45:00,31912.923281999945
2023-08-17 12:00:00,31912.923281999945
2023-08-17 12:15:00,31912.923281999945
2023-08-17 12:30:00,31912.923281999945
2023-08-17 12:45:00,31912.923281999945
2023-08-17 13:00:00,31912.923281999945
2023-08-17 13:15:00,31912.923281999945
2023-08-17 13:30:00,31912.923281999945
2023-08-17 13:45:00,31912.923281999945
2023-08-17 14:00:00,31912.923281999945
2023-08-17 14:15:00,31912.923281999945
2023-08-17 14:30:00,31912.923281999945
2023-08-17 14:45:00,31912.923281999945
2023-08-17 15:00:00,31912.923281999945
2023-08-17 15:15:00,31912.923281999945
2023-08-17 15:30:00,31912.923281999945
2023-08-17 15:45:00,31912.923281999945
2023-08-17 16:00:00,31912.923281999945
2023-08-18 09:30:00,31912.923281999945
2023-08-18 09:45:00,31912.923281999945
2023-08-18 10:00:00,31912.923281999945
2023-08-18 10:15:00,31912.923281999945
2023-08-18 10:30:00,31912.923281999945
2023-08-18 10:45:00,31912.923281999945
2023-08-18 11:00:00,31912.923281999945
2023-08-18 11:15:00,31912.923281999945
2023-08-18 11:30:00,31912.923281999945
2023-08-18 11:45:00,31912.923281999945
2023-08-18 12:00:00,31912.923281999945
2023-08-18 12:15:00,31912.923281999945
2023-08-18 12:30:00,31912.923281999945
2023-08-18 12:45:00,31912.923281999945
2023-08-18 13:00:00,31912.923281999945
2023-08-18 13:15:00,31912.923281999945
2023-08-18 13:30:00,31912.923281999945
2023-08-18 13:45:00,31912.923281999945
2023-08-18 14:00:00,31912.923281999945
2023-08-18 14:15:00,31912.923281999945
2023-08-18 14:30:00,31912.923281999945
2023-08-18 14:45:00,31912.923281999945
2023-08-18 15:00:00,31912.923281999945
2023-08-18 15:15:00,31912.923281999945
2023-08-18 15:30:00,31912.923281999945
2023-08-18 15:45:00,31912.923281999945
2023-08-18 16:00:00,31912.923281999945
2023-08-21 09:30:00,31912.923281999945
2023-08-21 09:45:00,31912.923281999945
2023-08-21 10:00:00,31912.923281999945
2023-08-21 10:15:00,31912.923281999945
2023-08-21 10:30:00,31912.923281999945
2023-08-21 10:45:00,31912.923281999945
2023-08-21 11:00:00,31912.923281999945
2023-08-21 11:15:00,31912.923281999945
2023-08-21 11:30:00,31912.923281999945
2023-08-21 11:45:00,31912.923281999945
2023-08-21 12:00:00,31912.923281999945
2023-08-21 12:15:00,31912.923281999945
2023-08-21 12:30:00,31912.923281999945
2023-08-21 12:45:00,31912.923281999945
2023-08-21 13:00:00,31912.923281999945
2023-08-21 13:15:00,31912.923281999945
2023-08-21 13:30:00,31912.923281999945
2023-08-21 13:45:00,31912.923281999945
2023-08-21 14:00:00,31912.923281999945
2023-08-21 14:15:00,31912.923281999945
2023-08-21 14:30:00,31912.923281999945
2023-08-21 14:45:00,31912.923281999945
2023-08-21 15:00:00,31912.923281999945
2023-08-21 15:15:00,31912.923281999945
2023-08-21 15:30:00,31912.923281999945
2023-08-21 15:45:00,31912.923281999945
2023-08-21 16:00:00,31912.923281999945
2023-08-22 09:30:00,31912.923281999945
2023-08-22 09:45:00,31912.923281999945
2023-08-22 10:00:00,31912.923281999945
2023-08-22 10:15:00,31912.923281999945
2023-08-22 10:30:00,31912.923281999945
2023-08-22 10:45:00,31912.923281999945
2023-08-22 11:00:00,31912.923281999945
2023-08-22 11:15:00,31912.923281999945
2023-08-22 11:30:00,31912.923281999945
2023-08-22 11:45:00,31912.923281999945
2023-08-22 12:00:00,31912.923281999945
2023-08-22 12:15:00,31912.923281999945
2023-08-22 12:30:00,31912.923281999945
2023-08-22 12:45:00,31912.923281999945
2023-08-22 13:00:00,31598.826681999944
2023-08-22 13:15:00,31625.026381999945
2023-08-22 13:30:00,31630.83668199995
2023-08-22 13:45:00,31649.26668199995
2023-08-22 14:00:00,31647.326681999944
2023-08-22 14:15:00,31690.97668199995
2023-08-22 14:30:00,31646.356681999947
2023-08-22 14:45:00,31629.86668199995
2023-08-22 15:00:00,31661.39168199995
2023-08-22 15:15:00,31567.786681999947
2023-08-22 15:30:00,31483.881681999952
2023-08-22 15:45:00,31566.816681999946
2023-08-22 16:00:00,31570.69668199995
2023-08-23 09:30:00,31762.756681999952
2023-08-23 09:45:00,31619.874781999948
2023-08-23 10:00:00,31619.874781999948
2023-08-23 10:15:00,31307.293131999948
2023-08-23 10:30:00,31421.47313199995
2023-08-23 10:45:00,31498.475431999952
2023-08-23 11:00:00,31481.158131999953
2023-08-23 11:15:00,31488.07813199995
2023-08-23 11:30:00,31435.27853199995
2023-08-23 11:45:00,31484.61813199995
2023-08-23 12:00:00,31446.55813199995
2023-08-23 12:15:00,31415.418131999948
2023-08-23 12:30:00,31423.722131999948
2023-08-23 12:45:00,31406.76813199995
2023-08-23 13:00:00,31437.043131999948
2023-08-23 13:15:00,31503.64813199995
2023-08-23 13:30:00,31514.045431999948
2023-08-23 13:45:00,31531.155131999953
2023-08-23 14:00:00,31493.596831999952
2023-08-23 14:15:00,31472.50813199995
2023-08-23 14:30:00,31437.908131999953
2023-08-23 14:45:00,31452.61313199995
2023-08-23 15:00:00,31503.64813199995
2023-08-23 15:15:00,31554.68313199995
2023-08-23 15:30:00,31537.807681999948
2023-08-23 15:45:00,31484.19268199995
2023-08-23 16:00:00,31454.62698199995
2023-08-24 09:30:00,31323.46768199995
2023-08-24 09:45:00,31290.942681999953
2023-08-24 10:00:00,31149.767681999954
2023-08-24 10:15:00,31010.57868199995
2023-08-24 10:30:00,30904.67268199995
2023-08-24 10:45:00,30922.792681999952
2023-08-24 11:00:00,30958.912681999947
2023-08-24 11:15:00,30962.29768199995
2023-08-24 11:30:00,30914.65968199995
2023-08-24 11:45:00,30873.110381999955
2023-08-24 12:00:00,30957.63248199995
2023-08-24 12:15:00,30951.170381999953
2023-08-24 12:30:00,30976.317681999953
2023-08-24 12:45:00,30932.962681999954
2023-08-24 13:00:00,30945.656281999953
2023-08-24 13:15:00,30895.75268199995
2023-08-24 13:30:00,30893.13518199995
2023-08-24 13:45:00,30863.154881999948
2023-08-24 14:00:00,30919.793981999952
2023-08-24 14:15:00,30858.459681999953
2023-08-24 14:30:00,30800.58768199995
2023-08-24 14:45:00,30828.982781999952
2023-08-24 15:00:00,30785.04768199995
2023-08-24 15:15:00,30736.60768199995
2023-08-24 15:30:00,30656.01268199995
2023-08-24 15:45:00,30651.642681999954
2023-08-24 16:00:00,30660.26268199995
2023-08-25 09:30:00,30893.42268199995
2023-08-25 09:45:00,30877.209281999953
2023-08-25 10:00:00,30930.26268199995
2023-08-25 10:15:00,30769.65268199995
2023-08-25 10:30:00,30666.462681999947
2023-08-25 10:45:00,30574.71268199995
2023-08-25 11:00:00,30733.55448199995
2023-08-25 11:15:00,30829.532681999954
2023-08-25 11:30:00,30861.67958199995
2023-08-25 11:45:00,30708.327681999952
2023-08-25 12:00:00,30784.88948199995
2023-08-25 12:15:00,30897.19768199995
2023-08-25 12:30:00,30853.74928199995
2023-08-25 12:45:00,30852.187681999952
2023-08-25 13:00:00,30853.93268199995
2023-08-25 13:15:00,30836.495381999954
2023-08-25 13:30:00,30796.692681999946
2023-08-25 13:45:00,30840.017681999947
2023-08-25 14:00:00,30904.919281999948
2023-08-25 14:15:00,31018.50858199995
2023-08-25 14:30:00,30985.59268199995
2023-08-25 14:45:00,31046.262681999953
2023-08-25 15:00:00,31039.312681999952
2023-08-25 15:15:00,31135.34268199995
2023-08-25 15:30:00,31127.77218199995
2023-08-25 15:45:00,31044.44268199995
2023-08-25 16:00:00,31030.572681999955
2023-08-28 09:30:00,31152.76768199995
2023-08-28 09:45:00,31164.80268199995
2023-08-28 10:00:00,31112.917681999952
2023-08-28 10:15:00,31251.48268199995
2023-08-28 10:30:00,31128.830281999948
2023-08-28 10:45:00,31117.34768199995
2023-08-28 11:00:00,31109.68268199995
2023-08-28 11:15:00,31076.39628199995
2023-08-28 11:30:00,31070.667381999952
2023-08-28 11:45:00,31099.22768199995
2023-08-28 12:00:00,31127.71268199995
2023-08-28 12:15:00,31081.834981999953
2023-08-28 12:30:00,31150.232681999954
2023-08-28 12:45:00,31218.64268199995
2023-08-28 13:00:00,31282.577681999952
2023-08-28 13:15:00,31279.997681999954
2023-08-28 13:30:00,31239.30458199995
2023-08-28 13:45:00,31173.36268199995
2023-08-28 14:00:00,31175.37758199995
2023-08-28 14:15:00,31207.933881999954
2023-08-28 14:30:00,31239.26998199995
2023-08-28 14:45:00,31256.56768199995
2023-08-28 15:00:00,31281.877581999946
2023-08-28 15:15:00,31271.272681999948
2023-08-28 15:30:00,31316.31268199995
2023-08-28 15:45:00,31324.142681999954
2023-08-28 16:00:00,31299.89268199995
2023-08-29 09:30:00,31333.10768199995
2023-08-29 09:45:00,31443.53888199995
2023-08-29 10:00:00,31594.91388199995
2023-08-29 10:15:00,31384.756881999947
2023-08-29 10:30:00,31384.756881999947
2023-08-29 10:45:00,31384.756881999947
2023-08-29 11:00:00,31384.756881999947
2023-08-29 11:15:00,31384.756881999947
2023-08-29 11:30:00,31384.756881999947
2023-08-29 11:45:00,31073.665281999947
2023-08-29 12:00:00,30945.745281999945
2023-08-29 12:15:00,30943.145281999947
2023-08-29 12:30:00,30901.545281999945
2023-08-29 12:45:00,30919.225281999945
2023-08-29 13:00:00,30906.745281999945
2023-08-29 13:15:00,30930.145281999947
2023-08-29 13:30:00,30940.025281999944
2023-08-29 13:45:00,30922.86528199994
2023-08-29 14:00:00,31012.47168199994
2023-08-29 14:15:00,31109.025281999944
2023-08-29 14:30:00,31085.62528199994
2023-08-29 14:45:00,31054.414881999943
2023-08-29 15:00:00,31118.905281999945
2023-08-29 15:15:00,31146.985281999943
2023-08-29 15:30:00,31158.425281999946
2023-08-29 15:45:00,31057.545281999945
2023-08-29 16:00:00,31108.505281999944
2023-08-30 09:30:00,30674.825281999943
2023-08-30 09:45:00,30846.945281999946
2023-08-30 10:00:00,30888.545281999945
2023-08-30 10:15:00,30667.545281999945
2023-08-30 10:30:00,30718.505281999944
2023-08-30 10:45:00,30833.945281999946
2023-08-30 11:00:00,30748.665281999947
2023-08-30 11:15:00,30765.305281999943
2023-08-30 11:30:00,30820.425281999946
2023-08-30 11:45:00,30900.505281999944
2023-08-30 12:00:00,30908.575681999944
2023-08-30 12:15:00,30910.905281999945
2023-08-30 12:30:00,30924.425281999946
2023-08-30 12:45:00,30946.265281999942
2023-08-30 13:00:00,31041.040481999942
2023-08-30 13:15:00,30946.265281999942
2023-08-30 13:30:00,30949.38528199995
2023-08-30 13:45:00,30897.374881999942
2023-08-30 14:00:00,30831.854881999945
2023-08-30 14:15:00,30835.640481999944
2023-08-30 14:30:00,30968.105281999942
2023-08-30 14:45:00,30968.105281999942
2023-08-30 15:00:00,30869.305281999943
2023-08-30 15:15:00,30805.86528199994
2023-08-30 15:30:00,30745.545281999945
2023-08-30 15:45:00,30754.905281999945
2023-08-30 16:00:00,30786.105281999942
2023-08-31 09:30:00,31073.925281999946
2023-08-31 09:45:00,31122.014881999945
2023-08-31 10:00:00,31324.638081999943
2023-08-31 10:15:00,31285.742081999946
2023-08-31 10:30:00,31215.62528199994
2023-08-31 10:45:00,31284.265281999942
2023-08-31 11:00:00,31302.382081999942
2023-08-31 11:15:00,31205.225281999945
2023-08-31 11:30:00,31244.745281999945
2023-08-31 11:45:00,31203.852481999947
2023-08-31 12:00:00,31159.985281999943
2023-08-31 12:15:00,30983.705281999944
2023-08-31 12:30:00,30920.785281999943
2023-08-31 12:45:00,30967.06528199994
2023-08-31 13:00:00,30990.683681999944
2023-08-31 13:15:00,31037.785281999943
2023-08-31 13:30:00,31046.105281999942
2023-08-31 13:45:00,30993.58528199994
2023-08-31 14:00:00,31061.705281999944
2023-08-31 14:15:00,31047.155681999942
2023-08-31 14:30:00,30970.185281999944
2023-08-31 14:45:00,30944.705281999944
2023-08-31 15:00:00,31060.665281999947
2023-08-31 15:15:00,30997.745281999945
2023-08-31 15:30:00,31070.077281999944
2023-08-31 15:45:00,30837.58528199994
2023-08-31 16:00:00,30857.86528199994
2023-09-01 09:30:00,30967.06528199994
2023-09-01 09:45:00,30953.545281999945
2023-09-01 10:00:00,31059.62528199994
2023-09-01 10:15:00,31132.425281999946
2023-09-01 10:30:00,30989.425281999946
2023-09-01 10:45:00,30839.665281999947
2023-09-01 11:00:00,30863.096481999946
2023-09-01 11:15:00,30935.34528199994
2023-09-01 11:30:00,30892.185281999944
2023-09-01 11:45:00,30699.785281999943
2023-09-01 12:00:00,30774.665281999947
2023-09-01 12:15:00,30796.609281999943
2023-09-01 12:30:00,30804.118081999943
2023-09-01 12:45:00,30937.425281999946
2023-09-01 13:00:00,30894.785281999943
2023-09-01 13:15:00,30864.105281999942
2023-09-01 13:30:00,30839.114081999942
2023-09-01 13:45:00,30848.505281999944
2023-09-01 14:00:00,30901.025281999944
2023-09-01 14:15:00,30795.465281999943
2023-09-01 14:30:00,30836.41008199994
2023-09-01 14:45:00,30904.665281999947
2023-09-01 15:00:00,30944.185281999944
2023-09-01 15:15:00,30947.305281999943
2023-09-01 15:30:00,30950.945281999946
2023-09-01 15:45:00,30894.265281999942
2023-09-01 16:00:00,30895.305281999943
2023-09-05 09:30:00,30883.86528199994
2023-09-05 09:45:00,30949.021281999943
2023-09-05 10:00:00,31011.785281999943
2023-09-05 10:15:00,31065.854881999945
2023-09-05 10:30:00,31040.38528199995
2023-09-05 10:45:00,31138.665281999947
2023-09-05 11:00:00,31331.06528199994
2023-09-05 11:15:00,31229.145281999947
2023-09-05 11:30:00,31080.425281999946
2023-09-05 11:45:00,31048.185281999944
2023-09-05 12:00:00,31239.545281999945
2023-09-05 12:15:00,31211.465281999943
2023-09-05 12:30:00,31214.58528199994
2023-09-05 12:45:00,31209.38528199995
2023-09-05 13:00:00,31300.905281999945
2023-09-05 13:15:00,31270.828481999943
2023-09-05 13:30:00,31363.825281999943
2023-09-05 13:45:00,31321.715681999944
2023-09-05 14:00:00,31287.78048199994
2023-09-05 14:15:00,31382.025281999944
2023-09-05 14:30:00,31351.86528199994
2023-09-05 14:45:00,31371.62528199994
2023-09-05 15:00:00,31273.86528199994
2023-09-05 15:15:00,31230.185281999944
2023-09-05 15:30:00,31375.785281999943
2023-09-05 15:45:00,31280.105281999942
2023-09-05 16:00:00,31181.305281999943
2023-09-06 09:30:00,31347.705281999944
2023-09-06 09:45:00,31376.825281999943
2023-09-06 10:00:00,30937.945281999946
2023-09-06 10:15:00,30987.86528199994
2023-09-06 10:30:00,31121.973281999944
2023-09-06 10:45:00,31010.75568199994
2023-09-06 11:00:00,31072.105281999942
2023-09-06 11:15:00,31223.945281999946
2023-09-06 11:30:00,31290.505281999944
2023-09-06 11:45:00,31211.465281999943
2023-09-06 12:00:00,31198.132481999946
2023-09-06 12:15:00,31053.38528199995
2023-09-06 12:30:00,30988.634881999944
2023-09-06 12:45:00,30982.665281999947
2023-09-06 13:00:00,31022.195681999943
2023-09-06 13:15:00,31014.38528199995
2023-09-06 13:30:00,30970.445281999946
2023-09-06 13:45:00,30934.825281999943
2023-09-06 14:00:00,31003.465281999943
2023-09-06 14:15:00,31054.425281999946
2023-09-06 14:30:00,31134.505281999944
2023-09-06 14:45:00,31110.58528199994
2023-09-06 15:00:00,31096.025281999944
2023-09-06 15:15:00,31091.86528199994
2023-09-06 15:30:00,31116.305281999943
2023-09-06 15:45:00,31183.38528199995
2023-09-06 16:00:00,31178.185281999944
2023-09-07 09:30:00,31254.105281999942
2023-09-07 09:45:00,31361.402081999942
2023-09-07 10:00:00,31259.355681999947
2023-09-07 10:15:00,31259.355681999947
2023-09-07 10:30:00,31259.355681999947
2023-09-07 10:45:00,31259.355681999947
2023-09-07 11:00:00,31259.355681999947
2023-09-07 11:15:00,31259.355681999947
2023-09-07 11:30:00,31259.355681999947
2023-09-07 11:45:00,31259.355681999947
2023-09-07 12:00:00,31259.355681999947
2023-09-07 12:15:00,31259.355681999947
2023-09-07 12:30:00,31259.355681999947
2023-09-07 12:45:00,31259.355681999947
2023-09-07 13:00:00,31259.355681999947
2023-09-07 13:15:00,31259.355681999947
2023-09-07 13:30:00,31259.355681999947
2023-09-07 13:45:00,31259.355681999947
2023-09-07 14:00:00,31259.355681999947
2023-09-07 14:15:00,31259.355681999947
2023-09-07 14:30:00,31259.355681999947
2023-09-07 14:45:00,31259.355681999947
2023-09-07 15:00:00,31259.355681999947
2023-09-07 15:15:00,31259.355681999947
2023-09-07 15:30:00,31259.355681999947
2023-09-07 15:45:00,31259.355681999947
2023-09-07 16:00:00,31259.355681999947
2023-09-08 09:30:00,31259.355681999947
2023-09-08 09:45:00,31259.355681999947
2023-09-08 10:00:00,31259.355681999947
2023-09-08 10:15:00,30949.764781999947
2023-09-08 10:30:00,30896.244781999943
2023-09-08 10:45:00,30851.64478199994
2023-09-08 11:00:00,30949.764781999947
2023-09-08 11:15:00,31004.399781999942
2023-09-08 11:30:00,31027.993181999944
2023-09-08 11:45:00,30953.109781999945
2023-09-08 12:00:00,30978.754781999945
2023-09-08 12:15:00,30947.53478199994
2023-09-08 12:30:00,30954.224781999943
2023-09-08 12:45:00,30982.099781999943
2023-09-08 13:00:00,30967.426381999943
2023-09-08 13:15:00,30978.464881999942
2023-09-08 13:30:00,31020.009781999946
2023-09-08 13:45:00,31020.009781999946
2023-09-08 14:00:00,30875.059781999946
2023-09-08 14:15:00,30914.932181999942
2023-09-08 14:30:00,30914.062481999947
2023-09-08 14:45:00,30847.184781999946
2023-09-08 15:00:00,30849.41478199994
2023-09-08 15:15:00,30871.71478199994
2023-09-08 15:30:00,30880.634781999946
2023-09-08 15:45:00,30927.46478199994
2023-09-08 16:00:00,30938.614781999942
2023-09-11 09:30:00,30977.929904999946
2023-09-11 09:45:00,30977.929904999946
2023-09-11 10:00:00,30977.929904999946
2023-09-11 10:15:00,30977.929904999946
2023-09-11 10:30:00,30977.929904999946
2023-09-11 10:45:00,30977.929904999946
2023-09-11 11:00:00,30977.929904999946
2023-09-11 11:15:00,30977.929904999946
2023-09-11 11:30:00,30977.929904999946
2023-09-11 11:45:00,30977.929904999946
2023-09-11 12:00:00,30977.929904999946
2023-09-11 12:15:00,30977.929904999946
2023-09-11 12:30:00,30977.929904999946
2023-09-11 12:45:00,30977.929904999946
2023-09-11 13:00:00,30977.929904999946
2023-09-11 13:15:00,30977.929904999946
2023-09-11 13:30:00,30977.929904999946
2023-09-11 13:45:00,30977.929904999946
2023-09-11 14:00:00,30977.929904999946
2023-09-11 14:15:00,30977.929904999946
2023-09-11 14:30:00,30977.929904999946
2023-09-11 14:45:00,30977.929904999946
2023-09-11 15:00:00,30977.929904999946
2023-09-11 15:15:00,30977.929904999946
2023-09-11 15:30:00,30977.929904999946
2023-09-11 15:45:00,30977.929904999946
2023-09-11 16:00:00,30977.929904999946
2023-09-12 09:30:00,30977.929904999946
2023-09-12 09:45:00,30977.929904999946
2023-09-12 10:00:00,30977.929904999946
2023-09-12 10:15:00,30977.929904999946
2023-09-12 10:30:00,30977.929904999946
2023-09-12 10:45:00,30977.929904999946
2023-09-12 11:00:00,30977.929904999946
2023-09-12 11:15:00,30977.929904999946
2023-09-12 11:30:00,30977.929904999946
2023-09-12 11:45:00,30977.929904999946
2023-09-12 12:00:00,30977.929904999946
2023-09-12 12:15:00,30977.929904999946
2023-09-12 12:30:00,30977.929904999946
2023-09-12 12:45:00,30977.929904999946
2023-09-12 13:00:00,30670.293904999944
2023-09-12 13:15:00,30732.773904999947
2023-09-12 13:30:00,30687.013904999945
2023-09-12 13:45:00,30645.65390499995
2023-09-12 14:00:00,30638.613904999944
2023-09-12 14:15:00,30623.65390499995
2023-09-12 14:30:00,30610.453904999944
2023-09-12 14:45:00,30572.613904999944
2023-09-12 15:00:00,30550.613904999944
2023-09-12 15:15:00,30536.533904999946
2023-09-12 15:30:00,30562.212304999943
2023-09-12 15:45:00,30564.693904999946
2023-09-12 16:00:00,30577.119504999948
2023-09-13 09:30:00,30595.49390499995
2023-09-13 09:45:00,30632.585904999945
2023-09-13 10:00:00,30551.49390499995
2023-09-13 10:15:00,30551.49390499995
2023-09-13 10:30:00,30600.773904999947
2023-09-13 10:45:00,30633.333904999945
2023-09-13 11:00:00,30635.973904999944
2023-09-13 11:15:00,30629.813904999948
2023-09-13 11:30:00,30618.373904999946
2023-09-13 11:45:00,30611.289904999943
2023-09-13 12:00:00,30591.093904999947
2023-09-13 12:15:00,30613.973904999944
2023-09-13 12:30:00,30578.773904999947
2023-09-13 12:45:00,30598.573904999943
2023-09-13 13:00:00,30581.413904999947
2023-09-13 13:15:00,30583.173904999945
2023-09-13 13:30:00,30593.733904999943
2023-09-13 13:45:00,30578.773904999947
2023-09-13 14:00:00,30567.333904999945
2023-09-13 14:15:00,30559.413904999947
2023-09-13 14:30:00,30552.303504999945
2023-09-13 14:45:00,30495.173904999945
2023-09-13 15:00:00,30443.253904999947
2023-09-13 15:15:00,30467.893904999943
2023-09-13 15:30:00,30495.173904999945
2023-09-13 15:45:00,30503.973904999944
2023-09-13 16:00:00,30517.173904999945
2023-09-14 09:30:00,30619.253904999947
2023-09-14 09:45:00,30704.613904999944
2023-09-14 10:00:00,30628.933904999947
2023-09-14 10:15:00,30640.373904999946
2023-09-14 10:30:00,30673.813904999948
2023-09-14 10:45:00,30714.293904999944
2023-09-14 11:00:00,30726.613904999944
2023-09-14 11:15:00,30702.853904999945
2023-09-14 11:30:00,30717.813904999948
2023-09-14 11:45:00,30735.413904999947
2023-09-14 12:00:00,30758.293904999944
2023-09-14 12:15:00,30779.413904999947
2023-09-14 12:30:00,30806.68510499995
2023-09-14 12:45:00,30807.573904999943
2023-09-14 13:00:00,30811.973904999944
2023-09-14 13:15:00,30805.813904999948
2023-09-14 13:30:00,30808.453904999944
2023-09-14 13:45:00,30790.853904999945
2023-09-14 14:00:00,30798.685904999944
2023-09-14 14:15:00,30793.49390499995
2023-09-14 14:30:00,30833.093904999947
2023-09-14 14:45:00,30833.093904999947
2023-09-14 15:00:00,30838.813904999948
2023-09-14 15:15:00,30815.053904999946
2023-09-14 15:30:00,30818.133904999944
2023-09-14 15:45:00,30807.573904999943
2023-09-14 16:00:00,30795.201104999946
2023-09-15 09:30:00,30665.013904999945
2023-09-15 09:45:00,30643.013904999945
2023-09-15 10:00:00,30624.533904999946
2023-09-15 10:15:00,30617.49390499995
2023-09-15 10:30:00,30612.213904999946
2023-09-15 10:45:00,30545.333904999945
2023-09-15 11:00:00,30530.373904999946
2023-09-15 11:15:00,30583.173904999945
2023-09-15 11:30:00,30570.061904999944
2023-09-15 11:45:00,30553.966704999948
2023-09-15 12:00:00,30554.239504999943
2023-09-15 12:15:00,30545.333904999945
2023-09-15 12:30:00,30563.813904999948
2023-09-15 12:45:00,30553.253904999947
2023-09-15 13:00:00,30489.893904999943
2023-09-15 13:15:00,30447.65390499995
2023-09-15 13:30:00,30497.813904999948
2023-09-15 13:45:00,30496.757904999948
2023-09-15 14:00:00,30465.253904999947
2023-09-15 14:15:00,30465.253904999947
2023-09-15 14:30:00,30492.533904999946
2023-09-15 14:45:00,30515.413904999947
2023-09-15 15:00:00,30489.013904999945
2023-09-15 15:15:00,30487.253904999947
2023-09-15 15:30:00,30445.013904999945
2023-09-15 15:45:00,30458.213904999946
2023-09-15 16:00:00,30481.973904999944
2023-09-18 09:30:00,30472.293904999944
2023-09-18 09:45:00,30429.173904999945
2023-09-18 10:00:00,30424.773904999947
2023-09-18 10:15:00,30448.533904999946
2023-09-18 10:30:00,30470.533904999946
2023-09-18 10:45:00,30466.133904999944
2023-09-18 11:00:00,30445.013904999945
2023-09-18 11:15:00,30499.133904999944
2023-09-18 11:30:00,30535.65390499995
2023-09-18 11:45:00,30537.413904999947
2023-09-18 12:00:00,30526.853904999945
2023-09-18 12:15:00,30531.253904999947
2023-09-18 12:30:00,30537.413904999947
2023-09-18 12:45:00,30540.053904999946
2023-09-18 13:00:00,30535.65390499995
2023-09-18 13:15:00,30218.909904999946
2023-09-18 13:30:00,30218.909904999946
2023-09-18 13:45:00,30218.909904999946
2023-09-18 14:00:00,30218.909904999946
2023-09-18 14:15:00,30218.909904999946
2023-09-18 14:30:00,30218.909904999946
2023-09-18 14:45:00,30218.909904999946
2023-09-18 15:00:00,30218.909904999946
2023-09-18 15:15:00,30218.909904999946
2023-09-18 15:30:00,30218.909904999946
2023-09-18 15:45:00,30218.909904999946
2023-09-18 16:00:00,30218.909904999946
2023-09-19 09:30:00,30218.909904999946
2023-09-19 09:45:00,30218.909904999946
2023-09-19 10:00:00,30218.909904999946
2023-09-19 10:15:00,30218.909904999946
2023-09-19 10:30:00,30218.909904999946
2023-09-19 10:45:00,30218.909904999946
2023-09-19 11:00:00,29920.027424999946
2023-09-19 11:15:00,29966.05942499995
2023-09-19 11:30:00,29992.099424999946
2023-09-19 11:45:00,30045.876224999945
2023-09-19 12:00:00,30013.939424999946
2023-09-19 12:15:00,30058.459424999946
2023-09-19 12:30:00,30014.779424999946
2023-09-19 12:45:00,30067.699424999944
2023-09-19 13:00:00,30102.962624999946
2023-09-19 13:15:00,30133.21942499995
2023-09-19 13:30:00,30179.419424999945
2023-09-19 13:45:00,29917.028224999947
2023-09-19 14:00:00,29917.028224999947
2023-09-19 14:15:00,29917.028224999947
2023-09-19 14:30:00,29917.028224999947
2023-09-19 14:45:00,29917.028224999947
2023-09-19 15:00:00,29917.028224999947
2023-09-19 15:15:00,29917.028224999947
2023-09-19 15:30:00,29917.028224999947
2023-09-19 15:45:00,29917.028224999947
2023-09-19 16:00:00,29917.028224999947
2023-09-20 09:30:00,29917.028224999947
2023-09-20 09:45:00,29917.028224999947
2023-09-20 10:00:00,29917.028224999947
2023-09-20 10:15:00,29917.028224999947
2023-09-20 10:30:00,29917.028224999947
2023-09-20 10:45:00,29917.028224999947
2023-09-20 11:00:00,29917.028224999947
2023-09-20 11:15:00,29917.028224999947
2023-09-20 11:30:00,29917.028224999947
2023-09-20 11:45:00,29917.028224999947
2023-09-20 12:00:00,29917.028224999947
2023-09-20 12:15:00,29917.028224999947
2023-09-20 12:30:00,29917.028224999947
2023-09-20 12:45:00,29917.028224999947
2023-09-20 13:00:00,29917.028224999947
2023-09-20 13:15:00,29917.028224999947
2023-09-20 13:30:00,29917.028224999947
2023-09-20 13:45:00,29917.028224999947
2023-09-20 14:00:00,29917.028224999947
2023-09-20 14:15:00,29917.028224999947
2023-09-20 14:30:00,29917.028224999947
2023-09-20 14:45:00,29917.028224999947
2023-09-20 15:00:00,29917.028224999947
2023-09-20 15:15:00,29917.028224999947
2023-09-20 15:30:00,29917.028224999947
2023-09-20 15:45:00,29917.028224999947
2023-09-20 16:00:00,29917.028224999947
2023-09-21 09:30:00,29917.028224999947
2023-09-21 09:45:00,29917.028224999947
2023-09-21 10:00:00,29917.028224999947
2023-09-21 10:15:00,29917.028224999947
2023-09-21 10:30:00,29917.028224999947
2023-09-21 10:45:00,29917.028224999947
2023-09-21 11:00:00,29917.028224999947
2023-09-21 11:15:00,29917.028224999947
2023-09-21 11:30:00,29917.028224999947
2023-09-21 11:45:00,29917.028224999947
2023-09-21 12:00:00,29917.028224999947
2023-09-21 12:15:00,29917.028224999947
2023-09-21 12:30:00,29917.028224999947
2023-09-21 12:45:00,29917.028224999947
2023-09-21 13:00:00,29917.028224999947
2023-09-21 13:15:00,29917.028224999947
2023-09-21 13:30:00,29917.028224999947
2023-09-21 13:45:00,29917.028224999947
2023-09-21 14:00:00,29917.028224999947
2023-09-21 14:15:00,29917.028224999947
2023-09-21 14:30:00,29917.028224999947
2023-09-21 14:45:00,29917.028224999947
2023-09-21 15:00:00,29917.028224999947
2023-09-21 15:15:00,29917.028224999947
2023-09-21 15:30:00,29917.028224999947
2023-09-21 15:45:00,29917.028224999947
2023-09-21 16:00:00,29917.028224999947
2023-09-22 09:30:00,29917.028224999947
2023-09-22 09:45:00,29917.028224999947
2023-09-22 10:00:00,29917.028224999947
2023-09-22 10:15:00,29917.028224999947
2023-09-22 10:30:00,29917.028224999947
2023-09-22 10:45:00,29917.028224999947
2023-09-22 11:00:00,29917.028224999947
2023-09-22 11:15:00,29917.028224999947
2023-09-22 11:30:00,29917.028224999947
2023-09-22 11:45:00,29917.028224999947
2023-09-22 12:00:00,29917.028224999947
2023-09-22 12:15:00,29917.028224999947
2023-09-22 12:30:00,29917.028224999947
2023-09-22 12:45:00,29917.028224999947
2023-09-22 13:00:00,29917.028224999947
2023-09-22 13:15:00,29917.028224999947
2023-09-22 13:30:00,29917.028224999947
2023-09-22 13:45:00,29917.028224999947
2023-09-22 14:00:00,29917.028224999947
2023-09-22 14:15:00,29917.028224999947
2023-09-22 14:30:00,29917.028224999947
2023-09-22 14:45:00,29917.028224999947
2023-09-22 15:00:00,29917.028224999947
2023-09-22 15:15:00,29917.028224999947
2023-09-22 15:30:00,29917.028224999947
2023-09-22 15:45:00,29917.028224999947
2023-09-22 16:00:00,29917.028224999947
2023-09-25 09:30:00,29917.028224999947
2023-09-25 09:45:00,29917.028224999947
2023-09-25 10:00:00,29917.028224999947
2023-09-25 10:15:00,29917.028224999947
2023-09-25 10:30:00,29917.028224999947
2023-09-25 10:45:00,29917.028224999947
2023-09-25 11:00:00,29917.028224999947
2023-09-25 11:15:00,29917.028224999947
2023-09-25 11:30:00,29917.028224999947
2023-09-25 11:45:00,29917.028224999947
2023-09-25 12:00:00,29917.028224999947
2023-09-25 12:15:00,29917.028224999947
2023-09-25 12:30:00,29917.028224999947
2023-09-25 12:45:00,29917.028224999947
2023-09-25 13:00:00,29917.028224999947
2023-09-25 13:15:00,29917.028224999947
2023-09-25 13:30:00,29917.028224999947
2023-09-25 13:45:00,29917.028224999947
2023-09-25 14:00:00,29917.028224999947
2023-09-25 14:15:00,29917.028224999947
2023-09-25 14:30:00,29917.028224999947
2023-09-25 14:45:00,29917.028224999947
2023-09-25 15:00:00,29917.028224999947
2023-09-25 15:15:00,29917.028224999947
2023-09-25 15:30:00,29917.028224999947
2023-09-25 15:45:00,29917.028224999947
2023-09-25 16:00:00,29917.028224999947
2023-09-26 09:30:00,29917.028224999947
2023-09-26 09:45:00,29917.028224999947
2023-09-26 10:00:00,29917.028224999947
2023-09-26 10:15:00,29917.028224999947
2023-09-26 10:30:00,29917.028224999947
2023-09-26 10:45:00,29917.028224999947
2023-09-26 11:00:00,29917.028224999947
2023-09-26 11:15:00,29917.028224999947
2023-09-26 11:30:00,29917.028224999947
2023-09-26 11:45:00,29917.028224999947
2023-09-26 12:00:00,29917.028224999947
2023-09-26 12:15:00,29917.028224999947
2023-09-26 12:30:00,29917.028224999947
2023-09-26 12:45:00,29917.028224999947
2023-09-26 13:00:00,29917.028224999947
2023-09-26 13:15:00,29917.028224999947
2023-09-26 13:30:00,29917.028224999947
2023-09-26 13:45:00,29917.028224999947
2023-09-26 14:00:00,29917.028224999947
2023-09-26 14:15:00,29917.028224999947
2023-09-26 14:30:00,29917.028224999947
2023-09-26 14:45:00,29917.028224999947
2023-09-26 15:00:00,29917.028224999947
2023-09-26 15:15:00,29917.028224999947
2023-09-26 15:30:00,29917.028224999947
2023-09-26 15:45:00,29917.028224999947
2023-09-26 16:00:00,29917.028224999947
2023-09-27 09:30:00,29917.028224999947
2023-09-27 09:45:00,29917.028224999947
2023-09-27 10:00:00,29917.028224999947
2023-09-27 10:15:00,29917.028224999947
2023-09-27 10:30:00,29917.028224999947
2023-09-27 10:45:00,29917.028224999947
2023-09-27 11:00:00,29917.028224999947
2023-09-27 11:15:00,29917.028224999947
2023-09-27 11:30:00,29917.028224999947
2023-09-27 11:45:00,29917.028224999947
2023-09-27 12:00:00,29917.028224999947
2023-09-27 12:15:00,29917.028224999947
2023-09-27 12:30:00,29917.028224999947
2023-09-27 12:45:00,29917.028224999947
2023-09-27 13:00:00,29917.028224999947
2023-09-27 13:15:00,29917.028224999947
2023-09-27 13:30:00,29917.028224999947
2023-09-27 13:45:00,29917.028224999947
2023-09-27 14:00:00,29917.028224999947
2023-09-27 14:15:00,29917.028224999947
2023-09-27 14:30:00,29917.028224999947
2023-09-27 14:45:00,29917.028224999947
2023-09-27 15:00:00,29917.028224999947
2023-09-27 15:15:00,29917.028224999947
2023-09-27 15:30:00,29917.028224999947
2023-09-27 15:45:00,29917.028224999947
2023-09-27 16:00:00,29917.028224999947
2023-09-28 09:30:00,29917.028224999947
2023-09-28 09:45:00,29917.028224999947
2023-09-28 10:00:00,29917.028224999947
2023-09-28 10:15:00,29917.028224999947
2023-09-28 10:30:00,29917.028224999947
2023-09-28 10:45:00,29917.028224999947
2023-09-28 11:00:00,29917.028224999947
2023-09-28 11:15:00,29917.028224999947
2023-09-28 11:30:00,29917.028224999947
2023-09-28 11:45:00,29917.028224999947
2023-09-28 12:00:00,29917.028224999947
2023-09-28 12:15:00,29917.028224999947
2023-09-28 12:30:00,29917.028224999947
2023-09-28 12:45:00,29917.028224999947
2023-09-28 13:00:00,29917.028224999947
2023-09-28 13:15:00,29917.028224999947
2023-09-28 13:30:00,29917.028224999947
2023-09-28 13:45:00,29917.028224999947
2023-09-28 14:00:00,29917.028224999947
2023-09-28 14:15:00,29917.028224999947
2023-09-28 14:30:00,29917.028224999947
2023-09-28 14:45:00,29917.028224999947
2023-09-28 15:00:00,29917.028224999947
2023-09-28 15:15:00,29620.663224999946
2023-09-28 15:30:00,29552.763224999948
2023-09-28 15:45:00,29570.223224999947
2023-09-28 16:00:00,29539.18322499995
2023-09-29 09:30:00,29731.465424999948
2023-09-29 09:45:00,29731.465424999948
2023-09-29 10:00:00,29731.465424999948
2023-09-29 10:15:00,29731.465424999948
2023-09-29 10:30:00,29731.465424999948
2023-09-29 10:45:00,29731.465424999948
2023-09-29 11:00:00,29731.465424999948
2023-09-29 11:15:00,29731.465424999948
2023-09-29 11:30:00,29731.465424999948
2023-09-29 11:45:00,29731.465424999948
2023-09-29 12:00:00,29731.465424999948
2023-09-29 12:15:00,29731.465424999948
2023-09-29 12:30:00,29731.465424999948
2023-09-29 12:45:00,29731.465424999948
2023-09-29 13:00:00,29731.465424999948
2023-09-29 13:15:00,29731.465424999948
2023-09-29 13:30:00,29731.465424999948
2023-09-29 13:45:00,29731.465424999948
2023-09-29 14:00:00,29731.465424999948
2023-09-29 14:15:00,29731.465424999948
2023-09-29 14:30:00,29731.465424999948
2023-09-29 14:45:00,29731.465424999948
2023-09-29 15:00:00,29731.465424999948
2023-09-29 15:15:00,29731.465424999948
2023-09-29 15:30:00,29731.465424999948
2023-09-29 15:45:00,29731.465424999948
2023-09-29 16:00:00,29731.465424999948
